id,name,country,region,wmo,icao,latitude,longitude,elevation,timezone,hourly_start,hourly_end,daily_start,daily_end,monthly_start,monthly_end
5IMJX,Cortez-Montezuma County Airport,US,CO,,KCEZ,37.3071,-108.6264,1803.0,America/Denver,2022-04-23,2023-02-20,2022-04-24,2022-04-25,,
69002,Hunter Ligget / Hunter-Liggett,US,CA,69002,KHGT,35.9935,-121.2367,310.0,America/Los_Angeles,1964-07-15,1997-04-01,1964-07-15,1971-07-31,1964-01-01,1971-01-01
69007,Fort Ord / Blanco,US,CA,69007,KOAR,36.6815,-121.7617,42.0,America/Los_Angeles,1973-01-02,2023-02-20,1983-03-31,2022-04-25,2020-01-01,2022-01-01
69014,Irvine,US,CA,69014,KNZJ,33.6667,-117.7167,119.0,America/Los_Angeles,1989-01-01,1999-06-06,1945-03-01,1998-12-10,1945-01-01,1998-01-01
69015,Twentynine Palms / Sunfair Heights,US,CA,69015,KNXP,34.2962,-116.1622,625.0,America/Los_Angeles,1990-01-02,2023-02-20,1945-05-01,2022-04-24,1945-01-01,2021-01-01
69019,Abilene / Tye,US,TX,69019,KDYS,32.4198,-99.8554,545.0,America/Chicago,1943-12-01,2023-02-20,1943-12-02,2022-04-25,1944-01-01,1996-01-01
69029,Port Aransas / Mustang Beach,US,TX,69029,KRAS,27.8118,-97.0888,2.0,America/Indiana/Tell_City,2006-02-10,2023-02-20,2009-10-10,2022-04-25,2015-01-01,2022-01-01
72004,Stevenson Ranch,US,CA,72004,K3A6,34.37,-118.57,427.0,America/Los_Angeles,2004-02-24,2011-09-04,2004-02-26,2010-08-28,,
72011,Llano,US,TX,72011,KAQO,30.7845,-98.6603,336.0,America/Chicago,2005-01-05,2023-02-20,2005-07-08,2022-04-25,2015-01-01,2022-01-01
72019,Munsing Lakeshore,US,MI,72019,KP53,46.4167,-86.65,187.0,America/Detroit,2006-01-01,2023-02-20,2006-01-01,2022-04-24,2006-01-01,2022-01-01
72034,Frankfort / Elberta,US,MI,72034,KFKS,44.6252,-86.2008,193.0,America/Detroit,2006-01-01,2023-02-20,2006-01-01,2022-04-25,2006-01-01,2022-01-01
72207,Savannah Airport,US,GA,72207,KSAV,32.1167,-81.0333,16.0,America/New_York,1948-01-01,2023-02-20,1948-01-01,2023-02-11,1948-01-01,2022-01-01
72213,Waycross / Ware County,US,GA,72213,KAYS,31.25,-82.4,46.0,America/New_York,1942-12-01,2023-02-20,1942-12-02,2022-04-25,1944-01-01,2022-01-01
72217,Middle Georgia Regional Airport,US,GA,72217,KMCN,32.6833,-83.15,108.0,America/New_York,1941-10-20,2023-02-20,1941-10-20,2023-02-12,1941-01-01,2022-01-01
72218,Augusta Bush Field,US,GA,72218,KAGS,33.3667,-81.9667,44.0,America/New_York,1948-01-01,2023-02-20,1942-12-01,2023-02-11,1942-01-01,2022-01-01
72225,Fort Benning,US,GA,72225,KLSF,32.3333,-84.8333,71.0,America/New_York,1939-05-01,2023-02-20,1939-05-01,2023-02-12,1939-01-01,2022-01-01
72227,Marietta / Dobbins Air Force Base,US,GA,72227,KMGE,33.9167,-84.5167,326.0,America/New_York,1946-09-01,2023-02-20,1946-09-02,2022-04-24,1946-01-01,2021-01-01
72231,New Orleans Airport,US,LA,72231,KMSY,30.0,-90.0833,2.0,America/Chicago,1945-10-01,2023-02-20,1945-10-01,2023-02-12,1945-01-01,2022-01-01
72232,Boothville,US,LA,,KBVE,29.3333,-89.4,0.0,America/Chicago,1973-01-01,2019-12-02,1965-02-16,2019-12-02,1965-01-01,2019-01-01
72239,Fort Polk,US,LA,72239,KPOE,31.05,-93.1833,101.0,America/Chicago,1962-09-03,2023-02-20,1955-10-27,2022-04-25,1955-01-01,2021-01-01
72240,Lake Charles Regional Airport,US,LA,72240,KLCH,30.2,-93.3833,5.0,America/Chicago,1942-05-02,2023-02-20,1942-05-02,2023-02-12,1942-01-01,2022-01-01
72241,Southeast Texas Rgnl Airport,US,TX,72241,KBPT,30.5833,-94.1333,5.0,America/Chicago,1973-01-01,2023-02-20,1947-10-01,2023-02-12,1947-01-01,2022-01-01
72242,Scholes Field,US,TX,72242,KGLS,29.2667,-94.8667,2.0,America/Chicago,1993-01-01,2023-02-20,1946-08-01,2023-02-12,1946-01-01,2022-01-01
72243,Houston Intercontinental,US,TX,72243,KIAH,30.0,-95.3667,30.0,America/Chicago,1973-01-01,2023-02-20,1969-06-01,2023-02-12,1969-01-01,2022-01-01
72244,Houston / Olcott,US,TX,72244,KEFD,29.6073,-95.1587,10.0,America/Chicago,1941-07-01,2023-02-20,1930-08-01,2023-02-12,1930-01-01,2022-01-01
72247,Longview Gregg County Airport,US,TX,72247,KGGG,32.3833,-94.7167,111.0,America/Chicago,1991-02-04,2023-02-20,1991-02-07,2023-02-12,1991-01-01,2022-01-01
72248,Shreveport Regional Airport,US,LA,72248,KSHV,32.45,-93.0,79.0,America/Chicago,1973-01-01,2023-02-20,1939-07-01,2023-02-11,1939-01-01,2022-01-01
72250,Brownsville/South Padre Is,US,TX,72250,KBRO,25.9,-97.4231,7.0,America/Chicago,1947-01-01,2023-02-20,1898-12-01,2023-02-12,1898-01-01,2022-01-01
72251,Corpus Christi International,US,TX,72251,KCRP,27.7667,-97.0167,13.0,America/Chicago,1946-08-01,2023-02-20,1946-08-01,2023-02-12,1946-01-01,2022-01-01
72252,"Laredo, Laredo International Airport",US,TX,72252,KLRD,27.5333,-99.45,155.0,America/Chicago,2008-11-24,2023-02-20,1965-03-15,2023-02-11,1965-01-01,2022-01-01
72253,San Antonio International  Airport,US,TX,72253,KSAT,29.5333,-98.4667,247.0,America/Chicago,1946-08-14,2023-02-20,1946-08-14,2023-02-12,1946-01-01,2022-01-01
72254,Camp Mabry/Austin City Asos,US,TX,72254,KATT,30.3167,-97.7667,201.0,America/Chicago,2000-01-01,2023-02-20,1938-06-01,2023-02-11,1938-01-01,2022-01-01
72255,Victoria Regional Airport,US,TX,72255,KVCT,28.8667,-96.1,35.0,America/Chicago,1941-11-04,2023-02-20,1941-11-04,2023-02-12,1953-01-01,2022-01-01
72256,Waco Regional Airport,US,TX,72256,KACT,31.6,-97.05,157.0,America/Chicago,1942-05-14,2023-02-20,1941-01-01,2023-02-12,1941-01-01,2022-01-01
72257,"Fort Hood, Hood Aaf Ft Hood",US,TX,72257,KHLR,31.1333,-97.7,282.0,America/Chicago,1960-11-01,2023-02-20,1960-11-01,2022-04-25,1961-01-01,2020-01-01
72258,Dallas / Oldham,US,TX,72258,KDAL,32.8471,-96.8518,148.0,America/Chicago,1946-07-26,2023-02-20,1939-08-01,2023-02-12,1939-01-01,2022-01-01
72259,Dallas/Ft. Worth International  Airport,US,TX,72259,KDFW,32.9,-97.0333,184.0,America/Chicago,1973-01-01,2023-02-20,1948-01-01,2022-04-25,1948-01-01,2022-01-01
72260,"Stephenville, Clark Field Municipal Airport",US,TX,72260,KSEP,32.2167,-98.1833,403.0,America/Chicago,1984-01-01,2023-02-20,1918-05-01,2023-02-11,1918-01-01,2022-01-01
72261,Del Rio International  Airport,US,TX,72261,KDRT,29.3667,-100.9167,304.0,America/Chicago,1946-08-09,2023-02-20,1946-08-09,2022-04-25,1946-01-01,2021-01-01
72262,Guadalupe Pass,US,TX,72262,KGDP,31.8333,-104.8167,1663.0,America/Chicago,1977-08-27,2023-01-19,1948-01-01,2023-01-19,1948-01-01,2022-01-01
72263,Mathis Field,US,TX,72263,KSJT,31.35,-100.5,584.0,America/Chicago,1948-02-15,2023-02-20,1907-08-01,2023-02-11,1907-01-01,2022-01-01
72264,Marfa,US,TX,72264,KMRF,30.3667,-104.0167,1478.0,America/Chicago,1936-12-01,2023-02-20,1942-12-02,2022-04-25,1943-01-01,2021-01-01
72265,Midland International Airport,US,TX,72265,KMAF,31.9333,-102.2,875.0,America/Chicago,1948-02-01,2023-02-20,1930-06-01,2023-02-11,1930-01-01,2022-01-01
72266,Abilene Regional Airport,US,TX,72266,KABI,32.4167,-99.6833,546.0,America/Chicago,1946-08-01,2023-02-20,1946-08-01,2023-02-12,1946-01-01,2022-01-01
72267,Lubbock International Airport,US,TX,72267,KLBB,33.6667,-101.8167,1000.0,America/Chicago,1945-08-10,2023-02-20,1945-08-10,2023-02-12,1946-01-01,2022-01-01
72268,Roswell Industrial Air Centr,US,NM,72268,KROW,33.3,-104.5333,1118.0,America/Denver,1942-07-13,2023-02-20,1942-07-13,2023-02-12,1942-01-01,2022-01-01
72270,El Paso International Airport,US,TX,72270,KELP,31.8167,-106.3833,1206.0,America/Denver,1941-04-01,2023-02-20,1938-04-01,2023-02-11,1938-01-01,2022-01-01
72273,"Fort Huachuca, Libby Aaf Ft Huachuca",US,AZ,72273,KFHU,47.6333,-110.3333,1438.0,America/Phoenix,1954-10-11,2023-02-20,1900-02-01,2022-04-25,1900-01-01,2022-01-01
72274,Tucson International Airport,US,AZ,72274,KTUS,32.1333,-110.95,805.0,America/Phoenix,1973-01-01,2023-02-20,1946-06-01,2023-02-12,1946-01-01,2022-01-01
72276,Window Rock Airport,US,AZ,72276,KRQE,35.65,-109.0667,2054.0,America/Shiprock,2006-01-01,2023-02-20,2002-09-15,2023-02-12,2002-01-01,2022-01-01
72278,Phoenix Sky Harbor Airport,US,AZ,72278,KPHX,33.4333,-112.05,345.0,America/Phoenix,1973-01-01,2023-02-20,1933-06-01,2023-02-11,1933-01-01,2022-01-01
72280,Yuma / Yuma International,US,AZ,72280,KYUM,32.65,-114.6,65.0,America/Phoenix,1942-01-16,2007-01-05,1942-11-02,2006-12-25,1942-01-01,1995-01-01
72281,"El Centro, Naval Air Facility",US,CA,72281,KNJK,32.8167,-115.65,-13.0,America/Los_Angeles,1984-04-13,2023-02-20,1945-02-01,2023-01-23,1945-01-01,2022-01-01
72286,Riverside / March Air Force Base,US,CA,72286,KRIV,33.9,-117.25,469.0,America/Los_Angeles,1933-01-01,2023-02-20,1936-02-16,2023-02-11,1936-01-01,2022-01-01
72288,Burbank-Glendale-Pasadena,US,CA,72288,KBUR,34.2,-118.3667,236.0,America/Los_Angeles,1943-06-01,2023-02-20,1943-06-02,2023-02-11,1943-01-01,2022-01-01
72289,Mount Wilson,US,CA,72289,KMWS,34.2333,-118.0667,1739.0,America/Los_Angeles,1950-01-01,2015-05-13,2010-03-23,2015-05-12,,
72290,San Diego International Airport,US,CA,72290,KSAN,32.7333,-117.1833,5.0,America/Los_Angeles,1942-01-01,2023-02-20,1939-07-01,2023-02-11,1939-01-01,2022-01-01
72291,San Nicolas Island,US,CA,72291,KNSI,33.2333,-119.4667,154.0,America/Los_Angeles,1943-06-16,2023-02-20,1933-08-22,2022-04-24,1933-01-01,2021-01-01
72292,Avalon Catalina Airport,US,CA,72292,KAVX,33.4,-118.4167,488.0,America/Los_Angeles,1943-06-12,2023-02-20,1943-06-13,2023-02-11,1943-01-01,2022-01-01
72293,MCAS Miramar,US,CA,72293,KNKX,32.8667,-117.15,146.0,America/Los_Angeles,2005-04-01,2023-02-20,1947-07-01,2023-01-22,1947-01-01,2022-01-01
72295,Los Angeles Airport,US,CA,72295,KLAX,33.9333,-118.3833,38.0,America/Los_Angeles,1944-01-01,2023-02-20,1944-01-01,2023-02-12,1944-01-01,2022-01-01
72297,Long Beach Airport,US,CA,72297,KLGB,33.8167,-118.15,17.0,America/Los_Angeles,1943-01-01,2023-02-20,1943-01-01,2023-02-12,1943-01-01,2022-01-01
72301,Hickory / Longview,US,NC,72301,KHKY,35.7411,-81.3895,363.0,America/New_York,2005-01-01,2023-02-20,1949-01-01,2023-02-11,1949-01-01,2022-01-01
72302,Wilmington / The Palms Mobile Home Park,US,NC,72302,KILM,34.2706,-77.9026,10.0,America/New_York,1991-01-01,2023-02-20,1948-01-01,2023-02-11,1948-01-01,2022-01-01
72303,Pope Air Force Base,US,NC,72303,KPOB,35.1667,-79.0333,61.0,America/New_York,1937-07-03,2023-02-20,1937-07-08,2022-04-25,1937-01-01,2022-01-01
72306,Raleigh-Durham International  Airport,US,NC,72306,KRDU,35.9,-78.7667,133.0,America/New_York,1945-11-01,2023-02-20,1944-05-18,2023-02-11,1944-01-01,2022-01-01
72307,Elizabeth City / Hickory Village - Mobile Home Park,US,NC,72307,KECG,36.2606,-76.1746,3.0,America/New_York,1990-03-14,2023-02-20,1948-09-01,2023-02-12,1948-01-01,2022-01-01
72309,"Cherry Point, Marine Corps Air Station",US,NC,72309,KNKT,34.8833,-76.8667,8.0,America/New_York,1973-01-01,2023-02-20,1945-03-01,2023-02-10,1945-01-01,2022-01-01
72314,Charlotte/Douglas International Airport,US,NC,72314,KCLT,35.214,-80.9431,228.0,America/New_York,1941-07-22,2023-02-20,1939-07-01,2023-02-11,1939-01-01,2022-01-01
72315,Asheville Regional Airport,US,NC,72315,KAVL,35.4333,-82.0333,660.0,America/New_York,1973-01-01,2023-02-20,1946-01-01,2023-02-11,1946-01-01,2022-01-01
72316,Alma / Guysie,US,GA,72316,KAMG,31.5361,-82.5066,61.0,America/New_York,1973-01-01,2023-02-20,1938-06-01,2023-02-12,1938-01-01,2022-01-01
72317,Piedmont Triad International  Airport,US,NC,72317,KGSO,36.1,-79.95,282.0,America/New_York,1945-11-01,2023-02-20,1928-11-01,2023-02-11,1928-01-01,2022-01-01
72324,Lovell Field,US,TN,72324,KCHA,35.0333,-85.2,208.0,America/New_York,1973-01-01,2023-02-20,1938-04-01,2023-02-11,1938-01-01,2022-01-01
72325,Crossville / Howard Springs,US,TN,72325,KCSV,35.9513,-85.085,573.0,America/Chicago,2005-01-01,2023-02-20,1954-04-21,2023-02-11,1954-01-01,2022-01-01
72326,McGhee Tyson Airport,US,TN,72326,KTYS,35.8167,-83.9833,299.0,America/New_York,1948-01-01,2023-02-20,1910-01-01,2023-02-11,1910-01-01,2022-01-01
72327,Nashville Airport,US,TN,72327,KBNA,36.1167,-86.6833,183.0,America/Chicago,1951-01-01,2023-02-20,1948-01-01,2023-02-11,1948-01-01,2022-01-01
72328,Clarksville Outlaw Fld / Pembrook Place,US,TN,72328,KCKV,36.6219,-87.415,168.0,America/Chicago,2006-01-01,2023-02-20,2001-04-01,2023-02-11,2001-01-01,2022-01-01
72334,Memphis International Airport,US,TN,72334,KMEM,35.0333,-89.9833,102.0,America/Chicago,1946-10-01,2023-02-20,1940-01-01,2023-02-11,1940-01-01,2022-01-01
72335,Bristol / Holston,US,TN,72335,KTRI,36.4752,-82.4074,463.0,America/New_York,1991-01-01,2023-02-20,1937-10-01,2023-02-11,1937-01-01,2022-01-01
72351,Wichita Falls Sheppard Afb,US,TX,72351,KSPS,33.9833,-98.4928,309.0,America/Chicago,1942-04-13,2023-02-20,1897-01-01,2023-02-11,1897-01-01,2022-01-01
72352,Altus Air Force Base,US,OK,72352,KLTS,34.65,-99.2667,420.0,America/Chicago,1943-02-01,2023-02-20,1943-02-02,2022-04-25,1943-01-01,2021-01-01
72353,Will Rogers World Airport,US,OK,72353,KOKC,35.3886,-97.6003,398.0,America/Chicago,1941-12-14,2023-02-20,1941-12-14,2023-02-12,1942-01-01,2022-01-01
72354,Tinker Air Force Base,US,OK,72354,KTIK,35.4167,-97.3833,394.0,America/Chicago,1942-12-14,2023-02-20,1942-12-15,2022-04-25,1943-01-01,2021-01-01
72355,Fort Sill,US,OK,72355,KFSI,34.6,-98.4,362.0,America/Chicago,1939-09-01,2023-02-20,1939-09-01,2022-04-25,1939-01-01,2021-01-01
72356,Tulsa International Airport,US,OK,72356,KTUL,36.2,-95.8881,206.0,America/Chicago,1947-01-01,2023-02-20,1938-12-01,2023-02-11,1938-01-01,2022-01-01
72363,Amarillo International  Airport,US,TX,72363,KAMA,35.2167,-101.7167,1099.0,America/Chicago,1943-03-01,2023-02-20,1943-03-01,2023-02-12,1943-01-01,2022-01-01
72365,Albuquerque International  Airport,US,NM,72365,KABQ,35.0333,-106.6,1631.0,America/Denver,1941-07-01,2023-02-20,1931-03-01,2023-02-11,1931-01-01,2022-01-01
72370,Kingman Airport,US,AZ,72370,KIGM,35.25,-113.9333,1050.0,America/Phoenix,1999-01-01,2023-02-20,1996-07-01,2023-02-11,1996-01-01,2022-01-01
72371,Page Municipal Airport,US,AZ,72371,KPGA,36.9333,-111.45,1314.0,America/Phoenix,2006-01-01,2023-02-20,1997-06-01,2023-02-12,1997-01-01,2022-01-01
72374,Winslow Municipal Airport,US,AZ,72374,KINW,35.0333,-110.7167,1505.0,America/Phoenix,1973-01-01,2023-02-20,1898-10-01,2023-02-12,1898-01-01,2022-01-01
72380,Needles / Parker Junction,US,CA,72380,KEED,34.7663,-114.6233,300.0,America/Los_Angeles,1977-02-17,2023-02-19,1977-03-09,2022-04-24,2001-01-01,2022-01-01
72381,Edwards Air Force Base,US,CA,72381,KEDW,34.9167,-117.9,702.0,America/Los_Angeles,1941-12-01,2023-02-20,1941-12-21,2022-04-24,1942-01-01,2020-01-01
72382,Palmdale Prod Flight Plant,US,CA,72382,KPMD,34.6333,-118.0833,775.0,America/Los_Angeles,1973-01-01,2023-02-19,1934-01-02,2023-02-11,1934-01-01,2022-01-01
72383,Sandberg,US,CA,72383,KSDB,34.75,-118.7167,1379.0,America/Los_Angeles,1973-01-01,2023-02-20,1934-07-01,2023-02-11,1934-01-01,2022-01-01
72384,Bakersfield Meadows Field,US,CA,72384,KBFL,35.4333,-119.05,155.0,America/Los_Angeles,1941-10-01,2023-02-20,1937-10-01,2023-02-11,1937-01-01,2022-01-01
72389,Fresno Air Terminal,US,CA,72389,KFAT,36.7833,-119.7167,101.0,America/Los_Angeles,1941-12-04,2023-02-20,1941-12-04,2023-02-12,1942-01-01,2022-01-01
72390,Point Piedras Blanca,US,CA,72390,K87Q,35.65,-121.2833,17.0,America/Los_Angeles,1999-01-01,2005-04-07,1998-01-07,2005-05-27,1998-01-01,2005-01-01
72391,"Nawcwpns Point Mugu, Ca",US,CA,72391,KNTD,34.1167,-119.1167,4.0,America/Los_Angeles,1973-01-01,2023-02-20,1946-03-01,2023-02-10,1946-01-01,2022-01-01
72392,Santa Barbara / La Patera,US,CA,72392,KSBA,34.4262,-119.8415,4.0,America/Los_Angeles,1973-01-01,2023-02-19,1941-01-02,2023-02-11,1941-01-01,2022-01-01
72393,"Lompoc, Vandenberg Air Force Base",US,CA,72393,KVBG,34.7167,-120.5667,112.0,America/Los_Angeles,2006-01-01,2023-02-20,1951-10-01,2022-04-25,1951-01-01,2021-01-01
72394,Santa Maria Public Airport,US,CA,72394,KSMX,34.9,-120.4667,79.0,America/Los_Angeles,1973-01-01,2023-02-20,1948-01-01,2023-02-11,1948-01-01,2022-01-01
72399,Harrisburg,US,PA,72399,KMDT,40.1932,-76.7626,95.0,America/New_York,2005-01-01,2023-02-20,1941-01-01,2023-02-12,1941-01-01,2022-01-01
72407,Atlantic City International,US,NJ,72407,KACY,39.4667,-74.0833,23.0,America/New_York,1947-01-01,2023-02-20,1947-01-01,2023-02-12,1947-01-01,2022-01-01
72408,Philadelphia International Airport,US,PA,72408,KPHL,39.8667,-75.2333,6.0,America/New_York,1973-01-01,2023-02-20,1940-07-01,2023-02-11,1940-01-01,2022-01-01
72409,Lakehurst Naval Air Station,US,NJ,72409,KNEL,40.0333,-74.3167,31.0,America/New_York,1973-01-01,2023-02-20,1973-01-01,2022-04-21,2010-01-01,2021-01-01
72412,Raleigh County Mem Airport,US,WV,72412,KBKW,37.8,-81.1167,763.0,America/New_York,1973-01-01,2023-02-20,1963-05-15,2023-02-11,1963-01-01,2022-01-01
72414,Yeager Airport,US,WV,72414,KCRW,38.3667,-81.6,299.0,America/New_York,1973-01-01,2023-02-20,1947-12-01,2023-02-11,1947-01-01,2022-01-01
72421,Cincinnati/Northern Ky International,US,KY,72421,KCVG,39.05,-84.6667,273.0,America/New_York,1973-01-01,2023-02-20,1948-01-01,2023-02-12,1948-01-01,2022-01-01
72422,Lexington Blue Grass Airport,US,KY,72422,KLEX,38.0333,-84.6,299.0,America/New_York,1973-01-01,2023-02-20,1872-10-11,2023-02-12,1872-01-01,2022-01-01
72423,Standiford Field,US,KY,72423,KSDF,38.1833,-85.7333,151.0,America/Kentucky/Louisville,1973-01-01,2023-02-20,1948-01-01,2023-02-12,1948-01-01,2022-01-01
72424,Fort Knox,US,KY,72424,KFTK,37.9,-85.9667,230.0,America/New_York,1945-03-01,2023-02-20,1945-03-01,2022-04-25,1945-01-01,2022-01-01
72426,"Wilmington, Oh.",US,OH,72426,KILN,39.4167,-83.8167,317.0,America/New_York,1943-08-01,2023-02-20,1943-08-18,2023-02-11,1943-01-01,2022-01-01
72428,Port Columbus International  Airport,US,OH,72428,KCMH,40.0,-82.05,248.0,America/New_York,1945-04-01,2023-02-20,1945-04-01,2023-02-12,1945-01-01,2022-01-01
72429,Cox Dayton International,US,OH,72429,KDAY,39.9,-84.2167,308.0,America/New_York,1973-01-01,2023-02-20,1948-01-01,2023-02-12,1948-01-01,2022-01-01
72432,Evansville Regional,US,IN,72432,KEVV,38.0333,-87.5333,127.0,America/Chicago,1973-01-01,2023-02-20,1948-01-01,2023-02-11,1948-01-01,2022-01-01
72436,Columbus / Flat Rock Park,US,IN,72436,KBAK,39.2619,-85.8963,200.0,America/Indiana/Indianapolis,1990-02-08,2023-02-20,1949-07-06,2021-07-10,1949-01-01,1959-01-01
72437,Terre Haute / Swalls,US,IN,72437,KHUF,39.4515,-87.3076,180.0,America/Indiana/Indianapolis,2005-01-01,2023-02-20,2003-11-18,2023-02-12,2004-01-01,2022-01-01
72438,Indianapolis International  Airport,US,IN,72438,KIND,39.7167,-86.1167,243.0,America/Indiana/Indianapolis,1942-10-06,2023-02-20,1942-10-06,2023-02-12,1942-01-01,2022-01-01
72440,Springfield-Branson National,US,MO,72440,KSGF,37.2333,-93.05,386.0,America/Chicago,1973-01-01,2023-02-20,1940-08-01,2023-02-12,1940-01-01,2022-01-01
72441,Fort Leavenworth / Beverly,US,KS,72441,KFLV,39.3683,-94.9147,235.0,America/Chicago,1937-02-03,1998-09-30,1938-07-13,1971-07-27,1938-01-01,2012-01-01
72445,Columbia Regional Airport,US,MO,72445,KCOU,38.8167,-92.2167,271.0,America/Chicago,1973-01-01,2023-02-20,1969-11-01,2023-02-11,1965-01-01,2022-01-01
72446,Kansas City International Airport,US,MO,72446,KMCI,39.2972,-94.7306,313.0,America/Chicago,1973-01-01,2023-02-20,1972-10-01,2023-02-12,1972-01-01,2022-01-01
72447,Olathe / Clare,US,KS,72447,KIXD,38.8309,-94.8903,331.0,America/Chicago,1978-11-24,2023-02-20,1945-03-01,2023-02-12,1945-01-01,2022-01-01
72450,Wichita Mid-Continent Airport,US,KS,72450,KICT,37.65,-97.1,406.0,America/Chicago,1973-01-01,2023-02-20,1953-12-01,2023-02-11,1951-01-01,2022-01-01
72451,Dodge City Regional Airport,US,KS,72451,KDDC,37.7667,-99.1333,791.0,America/Chicago,1943-04-19,2023-02-20,1909-04-01,2023-02-11,1909-01-01,2022-01-01
72452,Medicine Lodge,US,KS,72452,KP28,37.2833,-98.55,469.0,America/Chicago,1978-03-10,2023-02-20,1978-09-23,2023-02-11,1989-01-01,2022-01-01
72455,"Fort Riley, Marshall Aaf Ft Riley",US,KS,72455,KFRI,39.05,-96.75,324.0,America/Chicago,1938-08-17,2023-02-20,1939-03-11,2022-04-25,1939-01-01,2021-01-01
72456,Topeka Billard Municipal Airport,US,KS,72456,KTOP,39.0667,-95.1333,269.0,America/Chicago,1973-01-01,2023-02-20,1946-08-01,2023-02-11,1946-01-01,2022-01-01
72458,"Concordia, Blosser Municipal Airport",US,KS,72458,KCNK,39.55,-97.65,453.0,America/Chicago,1973-01-01,2023-02-20,1885-05-01,2023-02-11,1885-01-01,2022-01-01
72462,San Luis Valley Regional,US,CO,72462,KALS,37.4333,-105.8667,2297.0,America/Denver,1973-01-01,2023-02-20,1948-01-01,2023-02-11,1948-01-01,2022-01-01
72463,La Junta / La Junta Village,US,CO,72463,KLHX,38.05,-103.5097,1289.0,America/Denver,1942-11-01,2023-02-20,1942-11-02,2022-04-25,1943-01-01,2021-01-01
72464,Pueblo Memorial Airport,US,CO,72464,KPUB,38.2833,-104.5,1440.0,America/Denver,1942-10-01,2023-02-20,1942-10-01,2023-02-12,1942-01-01,2022-01-01
72465,Goodland Renner Field,US,KS,72465,KGLD,39.3667,-101.7,1114.0,America/Denver,1973-01-01,2023-02-20,1895-06-09,2023-02-12,1895-01-01,2022-01-01
72466,Colorado Springs Muni,US,CO,72466,KCOS,38.8167,-104.7167,1885.0,America/Denver,1942-09-01,2023-02-20,1942-09-01,2023-02-12,1942-01-01,2022-01-01
72468,Fort Carson,US,CO,72468,KFCS,38.7,-104.7667,1789.0,America/Denver,1966-09-15,2023-02-20,1966-09-15,2022-04-25,1970-01-01,2020-01-01
72469,"Denver / Stapleton International, Co.",US,CO,72469,KDNR,39.7833,-104.8667,1626.0,America/Denver,1940-05-15,1995-03-01,1940-05-15,2021-03-15,1940-01-01,2021-01-01
72476,Grand Junction Walker Field,US,CO,72476,KGJT,39.1333,-108.5333,1481.0,America/Denver,1973-01-01,2023-02-20,1900-01-01,2023-02-11,1900-01-01,2022-01-01
72480,Bishop Airport,US,CA,72480,KBIH,37.3667,-118.3667,1256.0,America/Los_Angeles,1943-01-16,2023-02-20,1895-01-04,2023-02-11,1895-01-01,2022-01-01
72481,Merced / Castle Air Force Base,US,CA,72481,KMER,37.3667,-120.5667,57.0,America/Los_Angeles,1942-01-01,2023-02-20,1942-01-20,2022-04-25,1942-01-01,2022-01-01
72482,Leisure Town,US,CA,72482,KVCB,38.36,-121.94,34.0,America/Los_Angeles,2006-01-01,2023-02-20,2006-01-04,2022-04-24,2008-01-01,2021-01-01
72483,Sacramento Executive Airport,US,CA,72483,KSAC,38.5,-121.5,6.0,America/Los_Angeles,1973-01-01,2023-02-20,1941-11-10,2023-02-11,1941-01-01,2022-01-01
72492,Stockton Metropolitan Airport,US,CA,72492,KSCK,37.9,-121.2333,9.0,America/Los_Angeles,1941-01-03,2023-02-20,1941-02-20,2023-02-12,1941-01-01,2022-01-01
72493,Metro Oakland International  Airport,US,CA,72493,KOAK,37.7167,-122.2333,2.0,America/Los_Angeles,1943-01-01,2023-02-20,1943-01-02,2023-02-11,1943-01-01,2022-01-01
72494,San Francisco Airport,US,CA,72494,KSFO,37.6167,-122.3667,3.0,America/Los_Angeles,1973-01-01,2023-02-20,1945-07-01,2023-02-11,1945-01-01,2022-01-01
72497,Chico,US,CA,72497,KCIC,39.7954,-121.8584,73.0,America/Los_Angeles,2006-01-01,2023-02-20,2003-08-17,2023-02-12,2003-01-01,2022-01-01
72498,Cumminsville,US,NY,72498,KDSV,42.57,-77.72,201.0,America/New_York,2004-01-01,2023-02-20,2004-01-01,2022-04-25,2005-01-01,2022-01-01
72502,Newark Airport,US,NJ,72502,KEWR,40.6833,-74.0,5.0,America/New_York,1973-01-01,2023-02-20,1893-01-01,2023-02-11,1893-01-01,2022-01-01
72503,LaGuardia Airport,US,NY,72503,KLGA,40.7833,-73.05,7.0,America/New_York,1973-01-01,2023-02-20,1939-10-07,2023-02-11,1939-01-01,2022-01-01
72505,Islip / Lakeland,US,NY,72505,KISP,40.7953,-73.1002,30.0,America/New_York,1973-01-01,2023-02-20,1963-09-05,2023-02-11,1963-01-01,2022-01-01
72506,Otis Air National Guard Base,US,MA,72506,KFMH,41.65,-70.5167,40.0,America/New_York,2006-01-01,2023-02-20,1949-01-01,2022-04-25,1949-01-01,2021-01-01
72509,Boston Logan International,US,MA,72509,KBOS,42.3667,-71.0167,6.0,America/New_York,1943-11-21,2023-02-20,1936-01-01,2023-02-11,1936-01-01,2022-01-01
72510,Worcester / West Tatnuck,US,MA,72510,KORH,42.2673,-71.8757,308.0,America/New_York,1973-01-01,2023-02-20,1948-06-01,2023-02-11,1948-01-01,2022-01-01
72511,Harrisburg / New Market,US,PA,72511,KCXY,40.2171,-76.8515,106.0,America/New_York,1991-01-01,2023-02-20,1939-01-01,2023-02-11,1939-01-01,2022-01-01
72512,Philipsburg / Beaver Mills,US,PA,72512,KPSB,40.8844,-78.0873,594.0,America/New_York,1985-05-31,1986-08-27,1985-06-08,2023-02-12,2002-01-01,2022-01-01
72513,Wilkes-Barre/Scranton International,US,PA,72513,KAVP,41.3333,-75.0667,293.0,America/New_York,1973-01-01,2023-02-20,1949-01-01,2023-02-11,1949-01-01,2022-01-01
72514,Williamsport-Lycoming County,US,PA,72514,KIPT,41.25,-76.9167,161.0,America/New_York,1973-01-01,2023-02-20,1901-01-30,2023-02-12,1948-01-01,2022-01-01
72515,Binghamton Regional Airport,US,NY,72515,KBGM,42.2,-75.15,499.0,America/New_York,1973-01-01,2023-02-20,1951-05-25,2023-02-11,1951-01-01,2022-01-01
72517,Lehigh Valley International  Airport,US,PA,72517,KABE,40.65,-75.45,120.0,America/New_York,1973-01-01,2023-02-20,1948-01-01,2023-02-11,1948-01-01,2022-01-01
72518,Albany International Airport,US,NY,72518,KALB,42.75,-73.1333,87.0,America/New_York,1946-01-01,2023-02-20,1938-06-01,2023-02-12,1938-01-01,2022-01-01
72519,Syracuse Hancock International  Airport,US,NY,72519,KSYR,43.1167,-76.1,125.0,America/New_York,1942-10-01,2023-02-20,1938-05-01,2023-02-11,1938-01-01,2022-01-01
72520,Greater Pittsburgh International,US,PA,72520,KPIT,40.4833,-80.0667,367.0,America/New_York,1945-02-01,2023-02-20,1945-02-01,2023-02-12,1945-01-01,2022-01-01
72521,Akron-Canton Regional Airport,US,OH,72521,KCAK,40.9167,-81.45,374.0,America/New_York,1973-01-01,2023-02-20,1948-07-01,2023-02-12,1948-01-01,2022-01-01
72522,Glens Falls / Dix Mobile Home Park,US,NY,72522,KGFL,43.3412,-73.6103,100.0,America/New_York,1973-01-01,2023-02-20,1944-05-01,2023-02-12,1944-01-01,2022-01-01
72525,Youngstown-Warren Reg Airprt,US,OH,72525,KYNG,41.25,-80.6667,365.0,America/New_York,1948-01-01,2023-02-20,1934-08-01,2023-02-12,1934-01-01,2022-01-01
72526,Erie International Airport,US,PA,72526,KERI,42.0833,-80.1833,223.0,America/New_York,1973-01-01,2023-02-20,1926-01-01,2023-02-12,1926-01-01,2022-01-01
72528,Buffalo Airport,US,NY,72528,KBUF,42.9333,-78.7333,221.0,America/New_York,1942-02-01,2023-02-20,1938-05-01,2023-02-11,1938-01-01,2022-01-01
72529,Greater Rochester International,US,NY,72529,KROC,43.1167,-77.6833,170.0,America/New_York,1973-01-01,2023-02-20,1926-01-02,2023-02-11,1926-01-01,2022-01-01
72533,Fort Wayne International,US,IN,72533,KFWA,41.0,-85.0333,248.0,America/Indiana/Indianapolis,1941-11-01,2023-02-20,1939-08-01,2023-02-11,1939-01-01,2022-01-01
72535,South Bend Regional Airport,US,IN,72535,KSBN,41.7,-86.3167,244.0,America/Indiana/Indianapolis,1973-01-01,2023-02-20,1893-12-01,2023-02-11,1893-01-01,2022-01-01
72537,Detroit Metropolitan,US,MI,72537,KDTW,42.2333,-83.0,195.0,America/Detroit,1942-08-01,2023-02-20,1942-08-01,2023-02-12,1942-01-01,2022-01-01
72538,Copper Harbor,US,MI,72538,KP59,47.4667,-87.8833,191.0,America/Detroit,2006-01-01,2023-02-19,2004-11-11,2023-02-12,2004-01-01,2022-01-01
72539,Capital City Airport,US,MI,72539,KLAN,42.7833,-84.5833,262.0,America/Detroit,1973-01-01,2023-02-20,1948-01-01,2023-02-11,1948-01-01,2022-01-01
72545,Cedar Rapids / Konigsmark,US,IA,72545,KCID,41.8851,-91.7123,265.0,America/Chicago,1973-01-01,2023-02-20,1953-06-01,2023-02-12,1953-01-01,2022-01-01
72548,Waterloo Municipal Airport,US,IA,72548,KALO,42.55,-92.0667,266.0,America/Chicago,1960-03-01,2023-02-20,1950-03-01,2023-02-11,1950-01-01,2022-01-01
72557,Sioux Gateway Airport,US,IA,72557,KSUX,42.3833,-96.05,335.0,America/Chicago,1942-10-01,2023-02-20,1942-10-01,2023-02-12,1942-01-01,2022-01-01
72565,Denver International Airport,US,CO,72565,KDEN,39.8667,-104.6667,1655.0,America/Denver,1994-07-18,2023-02-20,1994-07-19,2023-02-11,1995-01-01,2022-01-01
72570,Craig Moffat Airport,US,CO,72570,KCAG,40.5,-107.5167,1888.0,America/Denver,2006-01-01,2023-02-20,1996-09-01,2023-02-11,1996-01-01,2022-01-01
72584,Susanville / Johnstonville,US,CA,72584,KSVE,40.3757,-120.5727,1265.0,America/Los_Angeles,1977-03-01,2023-02-20,2016-12-22,2022-04-25,2020-01-01,2022-01-01
72585,Hayward / Russell City,US,CA,72585,KHWD,37.6589,-122.1218,16.0,America/Los_Angeles,2000-01-01,2023-02-20,1998-09-19,2023-02-11,1998-01-01,2022-01-01
72591,Red Bluff Municipal Airport,US,CA,72591,KRBL,40.15,-122.25,106.0,America/Los_Angeles,1973-01-01,2023-02-20,1892-01-01,2023-02-11,1892-01-01,2022-01-01
72592,Redding Municipal Airport,US,CA,72592,KRDD,40.5,-122.2833,153.0,America/Los_Angeles,1992-01-01,2023-02-20,1986-09-01,2023-02-11,1986-01-01,2022-01-01
72593,Salinas / Spreckels Junction,US,CA,72593,KSNS,36.6628,-121.6064,26.0,America/Los_Angeles,1941-08-05,2023-02-20,1930-06-14,2023-02-11,1930-01-01,2022-01-01
72594,Eureka,US,CA,72594,KEKA,40.8,-124.1667,13.0,America/Los_Angeles,2006-01-01,2022-12-31,1941-12-01,2023-02-11,1941-01-01,2022-01-01
72597,Rogue Valley International  Airport,US,OR,72597,KMFR,42.3833,-122.8833,406.0,America/Los_Angeles,1973-01-01,2023-02-20,1928-01-01,2023-02-11,1928-01-01,2022-01-01
72622,Harrietstown,US,NY,72622,KSLK,44.38,-74.19,507.0,America/New_York,2006-01-01,2023-02-20,2006-01-01,2022-04-25,2006-01-01,2022-01-01
72628,K. I. Sawyer Air Force Base,US,MI,72628,KSAW,46.34,-87.38,372.0,America/Detroit,2006-01-01,2023-02-20,2006-01-04,2022-04-25,2020-01-01,2022-01-01
72634,"Gaylord, Mi.",US,MI,72634,KAPX,44.9167,-84.7167,446.0,America/Detroit,1973-01-01,2001-05-02,1998-08-01,2023-02-12,1998-01-01,2022-01-01
72635,Gerald R. Ford International,US,MI,72635,KGRR,42.8833,-85.5167,242.0,America/Detroit,1973-01-01,2023-02-20,1963-11-24,2023-02-11,1963-01-01,2022-01-01
72636,Muskegon County Airport,US,MI,72636,KMKG,43.1667,-86.2333,191.0,America/Detroit,1973-01-01,2023-02-20,1896-06-02,2023-02-11,1896-01-01,2022-01-01
72637,Flint Bishop International  Airport,US,MI,72637,KFNT,42.9667,-83.0833,238.0,America/Detroit,1973-01-01,2023-02-20,1948-05-02,2023-02-12,1948-01-01,2022-01-01
72638,Roscommon County Airport,US,MI,72638,KHTL,44.35,-84.6667,351.0,America/Detroit,1973-01-01,2023-02-20,1964-07-01,2023-02-12,1964-01-01,2022-01-01
72639,Alpena County Regional Airport,US,MI,72639,KAPN,45.0833,-83.5667,210.0,America/Detroit,1973-01-01,2023-02-20,1916-10-21,2023-02-12,1916-01-01,2022-01-01
72644,Rochester International Airport,US,MN,72644,KRST,43.9,-92.5,401.0,America/Chicago,1973-01-01,2023-02-20,1893-01-18,2023-02-11,1893-01-01,2022-01-01
72648,Escanaba,US,MI,72648,KESC,45.75,-87.0333,180.0,America/Detroit,2006-01-01,2023-02-20,1948-01-01,2022-04-25,1948-01-01,2022-01-01
72655,Saint Cloud / St Cloud / Cable,US,MN,72655,KSTC,45.5466,-94.0599,314.0,America/Chicago,1973-01-01,2023-02-20,1904-09-01,2023-02-12,1904-01-01,2022-01-01
72658,Minneapolis-St Paul International,US,MN,72658,KMSP,44.8667,-93.05,256.0,America/Chicago,1945-01-01,2023-02-20,1938-04-09,2023-02-12,1938-01-01,2022-01-01
72677,Logan International Airport,US,MT,72677,KBIL,45.8167,-108.55,1112.0,America/Denver,1935-05-01,2023-02-20,1935-05-01,2023-02-12,1935-01-01,2022-01-01
72683,Burns Municipal Airport,US,OR,72683,KBNO,43.6,-118.95,1263.0,America/Los_Angeles,1973-01-01,2023-02-20,1973-01-01,2023-02-11,1973-01-01,2022-01-01
72688,Pendleton Municipal Airport,US,OR,72688,KPDT,46.1667,-119.3833,455.0,America/Los_Angeles,1942-01-01,2023-02-20,1928-01-01,2023-02-12,1928-01-01,2022-01-01
72690,Edenbower,US,OR,72690,KRBG,43.23,-123.35,160.0,America/Los_Angeles,1980-05-14,2023-02-20,1997-06-26,2022-04-25,2005-01-01,2022-01-01
72691,North Bend,US,OR,72691,KOTH,43.4169,-124.247,5.0,America/Los_Angeles,1977-01-01,2023-02-20,1977-02-26,2022-04-25,1981-01-01,2022-01-01
72693,Mahlon Sweet Field,US,OR,72693,KEUG,44.1333,-123.2167,111.0,America/Los_Angeles,1973-01-01,2023-02-20,1938-06-01,2023-02-11,1938-01-01,2022-01-01
72694,Salem McNary Field,US,OR,72694,KSLE,44.9,-123.0,64.0,America/Los_Angeles,1973-01-01,2023-02-20,1892-12-01,2023-02-11,1892-01-01,2022-01-01
72698,Portland International  Airport,US,OR,72698,KPDX,45.5833,-122.6,8.0,America/Los_Angeles,1936-05-01,2023-02-20,1936-05-01,2023-02-12,1936-01-01,2022-01-01
72734,Sault Ste. Marie Muni,US,MI,72734,KANJ,46.4833,-84.35,218.0,America/Detroit,1973-01-01,2023-02-20,1931-01-01,2023-02-12,1931-01-01,2022-01-01
72743,Marquette,US,MI,72743,KMQT,46.5333,-87.55,434.0,America/Detroit,1973-01-01,2022-12-31,1857-09-01,2023-02-11,1857-01-01,2022-01-01
72744,Hancock Houghton Cty. Memo,US,MI,72744,KCMX,47.1667,-88.4833,334.0,America/Detroit,1973-01-01,2023-02-20,1948-01-01,2023-02-11,1948-01-01,2022-01-01
72745,Duluth International Airport,US,MN,72745,KDLH,46.8333,-92.2167,435.0,America/Chicago,1948-01-01,2023-02-20,1948-01-01,2023-02-11,1948-01-01,2022-01-01
72747,Falls International Airport,US,MN,72747,KINL,48.5667,-93.4,361.0,America/Chicago,1973-01-01,2023-02-20,1906-07-01,2023-02-11,1906-01-01,2022-01-01
72768,Glasgow International Airport,US,MT,72768,KGGW,48.2167,-106.6167,699.0,America/Denver,1942-12-10,2023-02-20,1942-12-10,2023-02-12,1943-01-01,2022-01-01
72769,Cut Bank / Little Browning,US,MT,72769,KCTB,48.6084,-112.3761,1176.0,America/Denver,2005-01-01,2023-02-20,1903-12-01,2023-02-11,1903-01-01,2022-01-01
72770,Dillon / Bishop Place,US,MT,72770,KDLN,45.2554,-112.5525,1599.0,America/Denver,1973-01-01,2023-02-20,1940-01-01,2023-02-11,1940-01-01,2022-01-01
72772,Helena Regional Airport,US,MT,72772,KHLN,46.6,-111.9667,1180.0,America/Denver,1973-01-01,2023-02-20,1938-04-01,2023-02-11,1938-01-01,2022-01-01
72773,Missoula International Airport,US,MT,72773,KMSO,46.9167,-114.1,976.0,America/Denver,1973-01-01,2023-02-20,1948-01-01,2023-02-11,1948-01-01,2022-01-01
72774,Butte / Valley Vista Mobile Home Community,US,MT,72774,KBTM,45.9548,-112.4975,1692.0,America/Denver,1977-03-01,2023-02-20,1894-04-02,2023-02-11,1894-01-01,2022-01-01
72775,Great Falls International,US,MT,72775,KGTF,47.4667,-111.3833,1120.0,America/Denver,1973-01-01,2023-02-20,1937-04-01,2023-02-11,1937-01-01,2022-01-01
72777,Havre City-County Airport,US,MT,72777,KHVR,48.55,-109.7667,789.0,America/Denver,1973-01-01,2023-02-20,1961-02-01,2023-02-11,1961-01-01,2022-01-01
72779,Glacier Park International  Airport,US,MT,72779,KGPI,48.3,-114.2667,906.0,America/Denver,1973-01-01,2023-02-20,1896-06-01,2023-02-11,1896-01-01,2022-01-01
72781,Yakima Air Terminal,US,WA,72781,KYKM,46.5667,-120.5333,334.0,America/Los_Angeles,1973-01-01,2023-02-20,1946-09-06,2023-02-12,1946-01-01,2022-01-01
72785,Spokane International Airport,US,WA,72785,KGEG,47.6167,-117.5333,723.0,America/Los_Angeles,1941-08-11,2023-02-20,1889-08-01,2023-02-11,1889-01-01,2022-01-01
72790,Ephrata / Lakeview,US,WA,72790,KEPH,47.3081,-119.5169,389.0,America/Los_Angeles,1942-01-01,2023-02-20,1942-01-02,2023-02-11,1942-01-01,2022-01-01
72791,Port Of Astoria Airport,US,OR,72791,KAST,46.15,-123.8833,3.0,America/Los_Angeles,1973-01-01,2023-02-20,1953-01-16,2023-02-11,1953-01-01,2022-01-01
72792,Olympia Airport,US,WA,72792,KOLM,46.9667,-122.9,63.0,America/Los_Angeles,1973-01-01,2023-02-20,1941-05-13,2023-02-11,1941-01-01,2022-01-01
72793,Seattle-Tacoma Airport,US,WA,72793,KSEA,47.45,-122.3167,131.0,America/Los_Angeles,1948-01-01,2023-02-20,1948-01-01,2023-02-11,1948-01-01,2022-01-01
72797,Quillayute State Airport,US,WA,72797,KUIL,47.9333,-124.5667,59.0,America/Los_Angeles,1973-01-01,2023-02-20,1966-08-01,2023-02-10,1966-01-01,2022-01-01
74000,Lewisburg,US,NJ,74000,KFWN,41.2,-74.62,128.0,America/New_York,2006-01-01,2023-02-20,2006-01-01,2022-04-25,2006-01-01,2022-01-01
74201,Port Angeles Coast Guard Air Station,US,WA,74201,KNOW,48.1333,-123.4,5.0,America/Los_Angeles,1973-01-01,2023-02-20,2015-09-09,2022-04-25,2017-01-01,2022-01-01
74206,Tacoma / McChord Air Force Base,US,WA,74206,KTCM,47.15,-122.4833,98.0,America/Los_Angeles,1940-07-22,2023-02-20,1940-07-23,2022-04-25,1940-01-01,2022-01-01
74207,Fort Lewis / Gray U. S. Army Airfield,US,WA,74207,KGRF,47.1167,-122.55,92.0,America/Los_Angeles,1939-04-01,2023-02-20,1939-04-02,2022-04-25,1939-01-01,2022-01-01
74230,Miles City,US,MT,74230,KMLS,46.4333,-105.8833,801.0,America/Denver,1984-01-01,2023-02-20,1937-01-16,2023-02-11,1937-01-01,2022-01-01
74370,Fort Drum / Wheeler-Sack U. S. Army Airfield,US,NY,74370,KGTB,44.05,-75.7333,207.0,America/New_York,2006-01-01,2023-02-20,1952-01-04,2022-04-25,1953-01-01,2022-01-01
74410,Barkerville,US,MA,74410,KPSF,42.42,-73.28,364.0,America/New_York,2006-01-01,2023-02-20,2006-01-01,2022-04-25,2006-01-01,2022-01-01
74480,"Verona, Ny. Af",US,NY,74480,KRME,43.1333,-75.6,0.0,America/New_York,1942-07-01,2023-02-20,1942-07-02,2022-04-25,1942-01-01,2022-01-01
74486,John F. Kennedy Airport,US,NY,74486,KJFK,40.6333,-73.7667,4.0,America/New_York,1973-01-01,2023-02-20,1948-07-17,2023-02-11,1948-01-01,2022-01-01
74490,Bedford Hanscom Field,US,MA,74490,KBED,42.4667,-71.3,41.0,America/New_York,2006-01-01,2023-02-20,1949-01-01,2023-02-11,1949-01-01,2022-01-01
74491,Chicopee Falls / Westover Air Force Base,US,MA,74491,KCEF,42.2,-72.5333,75.0,America/New_York,1941-04-01,2023-02-20,1941-06-06,2022-04-25,1941-01-01,2021-01-01
74493,Nantucket / Surfside,US,MA,74493,KACK,41.2531,-70.0603,14.0,America/New_York,1990-03-14,2023-02-20,1997-06-23,2022-04-25,2005-01-01,2021-01-01
74494,Chatham,US,MA,74494,KCHH,41.6667,-69.9667,14.0,America/New_York,1973-01-01,1995-03-21,1972-08-01,2021-03-31,1972-01-01,2021-01-01
74498,Cook Corners,US,NY,74498,KDKK,42.5,-79.28,211.0,America/New_York,1999-01-14,2023-02-20,1999-01-17,2022-04-25,2005-01-01,2022-01-01
74500,"Sheridan, Ca",US,CA,74500,KBAB,39.0,-121.3333,0.0,America/Los_Angeles,1959-07-01,2023-02-20,1959-07-02,2022-04-24,1959-01-01,2021-01-01
74506,Alameda Naval Air Station,US,CA,74506,KNGZ,37.7833,-122.3167,4.0,America/Los_Angeles,1973-01-01,1997-01-01,1945-03-01,1996-12-31,1945-01-01,1996-01-01
74509,Moffett Field,US,CA,74509,KNUQ,37.4333,-122.05,10.0,America/Los_Angeles,1973-01-01,2023-02-20,1945-03-01,2022-04-25,1945-01-01,2022-01-01
74516,Fairfield / Travis Air Force Base,US,CA,74516,KSUU,38.2667,-121.95,19.0,America/Los_Angeles,1943-08-11,2023-02-20,1943-08-12,2022-04-24,1943-01-01,2021-01-01
74521,"Durango, County",US,CO,74521,KDRO,37.2,-107.8167,0.0,America/Denver,2006-01-01,2023-02-20,2006-01-01,2022-04-24,2006-01-01,2022-01-01
74531,Air Force Academy,US,CO,74531,KAFF,38.9667,-104.8167,2003.0,America/Denver,1967-11-27,2023-02-20,1970-08-01,2022-04-25,2008-01-01,2022-01-01
74543,Pratt Municipal,US,KS,74543,KPTT,37.7,-98.75,595.0,America/Chicago,2006-01-01,2023-02-20,2006-01-02,2022-04-25,2009-01-01,2022-01-01
74545,"Smokey Hill Gunnery Range, Ks.",US,KS,74545,KSLN,38.65,-97.8,0.0,America/Chicago,1973-01-01,2023-02-20,1973-01-01,2022-04-25,1975-01-01,2022-01-01
74550,"Conway, Mo.",US,MO,74550,KTBN,37.5167,-92.7,390.0,America/Chicago,1963-03-20,2023-02-20,1963-03-21,2022-04-21,1963-01-01,2022-01-01
74570,Dayton / Wright-Patterson Air Force Base,US,OH,74570,KFFO,39.8333,-84.05,251.0,America/New_York,1936-05-01,2023-02-20,1937-10-02,2022-04-25,1937-01-01,2022-01-01
74611,"Fort Irwin/Barstow, Bicycle Lake Army Airfield",US,CA,74611,KBYS,35.2833,-116.6167,716.0,America/Los_Angeles,2005-08-14,2023-02-20,2006-05-07,2022-04-24,2017-01-01,2021-01-01
74612,Naws China Lake,US,CA,74612,KNID,35.6833,-117.7,696.0,America/Los_Angeles,1973-01-01,2023-02-20,1944-02-01,2023-02-12,1944-01-01,2022-01-01
74638,Melrose Gunnery Range,US,NM,74638,K4MR,34.3,-103.8,1326.0,America/Denver,1963-07-01,2023-02-20,2017-01-22,2020-01-05,,
74641,"Woodward, West Woodward Airport",US,OK,74641,KWWR,36.4333,-99.5167,667.0,America/Chicago,2005-01-01,2023-02-20,1904-05-01,2023-02-13,1904-01-01,2022-01-01
74671,Fort Campbell U. S. Army Airfield,US,KY,74671,KHOP,36.6667,-87.5,174.0,America/Chicago,1943-07-15,2023-02-20,1943-07-16,2022-04-25,1943-01-01,2021-01-01
74672,Fort Campbell / Woodlawn,US,TN,74672,KEOD,36.5682,-87.4808,181.0,America/Chicago,2001-08-15,2023-02-20,2016-12-22,2022-04-24,,
74693,Fort Bragg / Simmons Army Airfield,US,NC,74693,KFBG,35.1333,-78.9333,74.0,America/New_York,1961-07-01,2023-02-20,1961-07-01,2022-04-25,1961-01-01,2022-01-01
74702,Lemoore Naval Air Station,US,CA,74702,KNLC,36.3333,-119.95,71.0,America/Los_Angeles,1961-07-01,2023-02-20,1961-07-01,2022-09-05,1961-01-01,2022-01-01
74736,Dalhart / Rehm,US,TX,74736,KDHT,36.0226,-102.5473,1217.0,America/Chicago,2005-01-01,2023-02-20,1948-12-10,2023-02-13,1949-01-01,2022-01-01
74739,Fort Worth / Sansom Park,US,TX,74739,KFTW,32.8198,-97.3624,216.0,America/Chicago,2005-01-01,2023-02-20,1946-09-02,2023-02-13,1946-01-01,2022-01-01
74740,Kimble County Airport,US,TX,74740,KJCT,30.5167,-99.7667,533.0,America/Chicago,1977-08-27,2023-02-20,1948-01-01,2023-02-13,1948-01-01,2022-01-01
74745,Austin / Del Valle,US,TX,74745,KAUS,30.1945,-97.6699,165.0,America/Chicago,1999-05-24,2023-02-20,1948-03-01,2023-02-13,1949-01-01,2022-01-01
74746,Bryan / Smetana,US,TX,74746,KCFD,30.6335,-96.4836,80.0,America/Chicago,2017-01-21,2023-02-20,1951-08-01,2023-02-13,1951-01-01,2022-01-01
74750,"Palestine, Tx.",US,TX,74750,KPSN,31.7833,-95.7167,119.0,America/Chicago,2006-01-01,2023-02-20,2006-01-02,2022-04-25,2015-01-01,2022-01-01
74754,Alexandria International Airport,US,LA,74754,KAEX,31.55,-92.9333,27.0,America/Chicago,1943-09-01,2023-02-20,1943-09-02,2022-04-25,1943-01-01,2022-01-01
74790,Shaw Air Force Base,US,SC,74790,KSSC,33.9667,-80.4833,74.0,America/New_York,1941-12-22,2023-02-20,1941-12-23,2022-04-25,1942-01-01,2022-01-01
74916,Pecos / Locker,US,TX,74916,KPEQ,31.3824,-103.5107,797.0,America/Chicago,2006-02-10,2023-02-20,2007-05-01,2022-04-25,2013-01-01,2022-01-01
K04V0,Sagauche / Saguache,US,CO,,K04V,38.0993,-106.1745,2393.0,America/Denver,2006-01-01,2023-02-20,2006-01-04,2022-03-09,2013-01-01,2021-01-01
K0F20,Bowie / Salona,US,TX,,K0F2,33.6017,-97.7756,335.0,America/Chicago,2014-07-31,2023-02-20,2014-08-02,2022-03-09,,
K11R0,Brenham / Prairie Hill,US,TX,,K11R,30.2197,-96.3744,97.0,America/Chicago,2006-05-08,2023-02-20,2011-02-10,2022-03-09,,
K1O50,Montague / Horizon Hills Mobile Home Park,US,CA,,K1O5,41.7304,-122.5456,770.0,America/Los_Angeles,1948-01-01,1996-03-12,1948-01-02,1949-12-31,1948-01-01,1949-01-01
K20V0,Kremmling,US,CO,,K20V,40.0537,-106.3689,2259.0,America/Denver,2006-01-01,2023-02-20,2006-01-01,2022-03-09,,
K3T50,La Grange / Plum,US,TX,,K3T5,29.908,-96.95,99.0,America/Chicago,2006-01-01,2023-02-20,2011-02-10,2022-03-09,,
K6R60,Dryden / Mofeta,US,TX,,K6R6,30.046,-102.2129,708.0,America/Chicago,2006-01-01,2023-02-20,2006-01-01,2022-03-08,2006-01-01,2022-01-01
K9L20,Edwards Afb / North Edwards,US,CA,,K9L2,34.9908,-117.8631,701.0,America/Los_Angeles,2006-01-01,2023-02-20,2006-01-04,2022-03-09,2006-01-01,2016-01-01
KAAT0,Alturas / Juniper,US,CA,,KAAT,41.483,-120.5654,1334.0,America/Los_Angeles,2006-01-01,2023-02-20,2006-01-01,2022-04-23,2006-01-01,2021-01-01
KABH0,Ellicott / Truckton,US,CO,,KABH,38.75,-104.3,1840.0,America/Denver,2006-05-01,2023-02-20,2006-05-01,2022-04-24,2007-01-01,2020-01-01
KACB0,Bellaire,US,MI,,KACB,44.9886,-85.1984,190.0,America/Detroit,2006-01-01,2023-02-20,2006-01-01,2022-04-24,2008-01-01,2022-01-01
KACP0,Oakdale / Ward,US,LA,,KACP,30.7505,-92.6885,33.0,America/Chicago,2005-04-08,2023-02-20,2005-04-09,2022-04-24,2015-01-01,2022-01-01
KACV0,Arcata / Clam Beach,US,CA,,KACV,40.9781,-124.1086,68.0,America/Los_Angeles,1973-01-01,2023-02-20,1973-01-01,2022-04-24,1981-01-01,2022-01-01
KADG0,Adrian / Maple Woods Manufactured Home Community,US,MI,,KADG,41.8677,-84.0773,243.0,America/Detroit,2006-01-01,2023-02-20,2006-01-01,2022-04-24,2006-01-01,2022-01-01
KADS0,Dallas / Addison,US,TX,,KADS,32.9686,-96.8364,196.0,America/Chicago,2006-01-01,2023-02-20,2020-01-14,2022-04-24,2020-01-01,2022-01-01
KAEJ0,Buena Vista / Johnson Village,US,CO,,KAEJ,38.8142,-106.1207,2423.0,America/Denver,2010-04-01,2023-02-20,2010-04-01,2022-04-24,2011-01-01,2022-01-01
KAFJ0,Washington / Lagonda,US,PA,,KAFJ,40.1365,-80.2902,361.0,America/New_York,2006-01-01,2023-02-20,2006-01-01,2022-04-24,2006-01-01,2022-01-01
KAFW0,Fort Worth / Haslet,US,TX,,KAFW,32.9876,-97.3188,220.0,America/Chicago,2006-01-01,2023-02-20,2006-01-01,2022-04-24,2006-01-01,2022-01-01
KAIB0,Nucla / Naturita,US,CO,,KAIB,38.2388,-108.5633,1811.0,America/Denver,2008-07-04,2021-10-16,2012-12-07,2021-10-16,2020-01-01,2020-01-01
KAJZ0,Delta / North Delta,US,CO,,KAJZ,38.7864,-108.0636,1583.0,America/Denver,2012-02-09,2023-02-20,2012-02-10,2022-04-24,2016-01-01,2022-01-01
KAKO0,Akron,US,CO,,KAKO,40.1756,-103.222,1438.0,America/Denver,1973-01-01,2023-02-20,1973-01-01,2022-04-23,1999-01-01,2022-01-01
KALI0,Alice / 665 Site Colonia,US,TX,,KALI,27.7409,-98.0269,54.0,America/Chicago,1946-08-01,2023-01-23,1946-08-02,2022-04-24,1946-01-01,2022-01-01
KAMN0,Alma / Eugene,US,MI,,KAMN,43.3221,-84.6879,230.0,America/Detroit,2006-01-01,2023-02-20,2006-01-01,2022-04-24,2006-01-01,2022-01-01
KANK0,Salida / Smeltertown,US,CO,,KANK,38.5383,-106.0486,2293.0,America/Denver,2009-11-21,2023-02-20,2010-10-05,2022-04-24,2020-01-01,2022-01-01
KAOO0,Altoona / Martinsburg,US,PA,,KAOO,40.2964,-78.32,458.0,America/New_York,1973-01-01,2023-02-20,1973-01-01,2022-04-24,1999-01-01,2022-01-01
KAPA0,Denver / Dove Valley,US,CO,,KAPA,39.5701,-104.8493,1794.0,America/Denver,2006-01-01,2023-02-20,2006-01-01,2022-04-24,2006-01-01,2022-01-01
KAPC0,Napa / Middleton,US,CA,,KAPC,38.2132,-122.2807,11.0,America/Los_Angeles,2000-01-01,2023-02-20,2000-01-02,2022-04-24,2001-01-01,2022-01-01
KAPY0,Zapata / Las Palmas,US,TX,,KAPY,26.9688,-99.2489,129.0,America/Chicago,2008-07-24,2023-02-20,2011-01-27,2022-04-24,2016-01-01,2022-01-01
KAQW0,North Adams / Blackinton,US,MA,,KAQW,42.6962,-73.1702,199.0,America/New_York,2006-01-01,2023-02-20,2006-01-01,2022-04-23,2006-01-01,2022-01-01
KARA0,New Iberia / New Horizon Mobile Home Park,US,LA,,KARA,30.0378,-91.8839,7.0,America/Chicago,1981-07-24,2023-02-20,1998-05-09,2022-04-24,2020-01-01,2022-01-01
KARB0,Ann Arbor / Pittsfield,US,MI,,KARB,42.223,-83.7456,256.0,America/Detroit,2006-01-01,2023-02-20,2006-01-01,2022-04-24,2006-01-01,2022-01-01
KARM0,Wharton / Mackay,US,TX,,KARM,29.2543,-96.1544,31.0,America/Chicago,2006-05-01,2023-02-20,2008-10-11,2022-04-24,2011-01-01,2022-01-01
KART0,Watertown / Breezy Knoll Mobile Home Park,US,NY,,KART,43.9919,-76.0217,100.0,America/New_York,1949-05-01,2023-02-20,1949-05-05,2022-04-24,1949-01-01,2022-01-01
KARX0,La Crosse / Cold Springs,US,WI,,KARX,43.8228,-91.1911,389.0,America/Chicago,1942-01-01,1980-03-14,1942-01-03,1980-01-31,1942-01-01,1953-01-01
KASD0,Slidell / Royal Estates,US,LA,,KASD,30.3463,-89.8208,9.0,America/Chicago,2005-01-01,2023-02-20,2005-01-01,2022-04-24,2006-01-01,2022-01-01
KASE0,Aspen / Woody Creek,US,CO,,KASE,39.2232,-106.8689,2389.0,America/Denver,2006-01-01,2023-02-20,2006-01-02,2022-04-24,2006-01-01,2022-01-01
KASL0,Marshall / Jasper Heights,US,TX,,KASL,32.5205,-94.3078,109.0,America/Chicago,2011-05-18,2022-12-29,2011-05-19,2022-04-24,2011-01-01,2022-01-01
KASW0,Warsaw / Monoquet,US,IN,,KASW,41.2747,-85.8401,259.0,America/Indiana/Indianapolis,2006-10-28,2023-02-20,2009-09-05,2022-04-24,2013-01-01,2022-01-01
KAXH0,Houston / Duke,US,TX,,KAXH,29.5061,-95.4769,21.0,America/Chicago,2009-06-19,2023-02-20,2009-12-18,2022-04-24,2012-01-01,2022-01-01
KAXN0,Alexandria / Mobile Park Estates,US,MN,,KAXN,45.8663,-95.3947,434.0,America/Chicago,1973-01-01,2023-02-20,1973-01-01,2022-04-24,1999-01-01,2022-01-01
KAXS0,Altus / Welon,US,OK,,KAXS,34.6988,-99.3385,437.0,America/Chicago,2005-05-24,2023-02-20,2005-05-25,2022-04-24,2009-01-01,2022-01-01
KAYE0,Ayer / Ft. Devens,US,MA,,KAYE,42.5667,-71.6,82.0,America/New_York,1960-10-21,1993-02-01,1961-09-20,1978-01-30,1961-01-01,1963-01-01
KAYX0,Tullahoma / Dixie (Historical),US,TN,,KAYX,35.3926,-86.0858,325.0,America/Chicago,1943-01-01,1969-08-01,1943-01-02,1969-07-31,1943-01-01,1969-01-01
KAZO0,Kalamazoo / Colonial Acres Mobile Home Park,US,MI,,KAZO,42.2344,-85.5516,266.0,America/Detroit,2006-01-01,2023-02-20,2006-01-01,2022-04-24,2006-01-01,2022-01-01
KBAF0,Westfield / Owen District,US,MA,,KBAF,42.1577,-72.7156,82.0,America/New_York,1973-01-05,2023-02-20,1998-08-08,2022-04-24,2005-01-01,2022-01-01
KBAX0,Bad Axe,US,MI,,KBAX,43.7802,-82.9854,233.0,America/Detroit,2006-01-01,2023-02-20,2006-01-01,2022-04-24,2008-01-01,2022-01-01
KBAZ0,New Braunfels / Freiheit,US,TX,,KBAZ,29.7045,-98.0422,198.0,America/Chicago,1999-03-17,2023-02-20,1999-03-24,2022-04-24,2002-01-01,2022-01-01
KBBD0,Brady,US,TX,,KBBD,31.1793,-99.3239,557.0,America/Chicago,2006-01-04,2023-02-20,2011-02-12,2022-03-27,2018-01-01,2022-01-01
KBDE0,Baudette,US,MN,,KBDE,48.7284,-94.6122,331.0,America/Chicago,1983-11-04,2023-02-20,1995-02-11,2022-04-24,1998-01-01,2022-01-01
KBDU0,Boulder / Valmont,US,CO,,KBDU,40.0394,-105.2258,1612.0,America/Denver,2010-02-01,2023-02-20,2010-02-02,2022-04-24,2011-01-01,2022-01-01
KBEA0,Beeville / Salazar Heights Colonia,US,TX,,KBEA,28.3619,-97.791,83.0,America/Chicago,2008-10-29,2023-02-20,2009-08-12,2022-04-24,2014-01-01,2022-01-01
KBEH0,Benton Harbor Airport / Benton Heights,US,MI,,KBEH,42.1286,-86.4285,198.0,America/Detroit,2006-01-01,2023-02-20,2006-01-01,2022-04-24,2006-01-01,2022-01-01
KBFD0,Bradford / Mount Alton,US,PA,,KBFD,41.8031,-78.6401,653.0,America/New_York,1973-01-01,2023-02-20,1973-01-01,2022-04-24,1981-01-01,2022-01-01
KBFI0,Seattle / South Park,US,WA,,KBFI,47.53,-122.302,6.0,America/Los_Angeles,1943-10-01,2023-02-20,1943-10-02,2022-04-24,1944-01-01,2022-01-01
KBGD0,Borger / Electric City,US,TX,,KBGD,35.7009,-101.3937,931.0,America/Chicago,2006-01-01,2023-02-20,2006-01-01,2022-04-24,2006-01-01,2022-01-01
KBGF0,Winchester / Merrit Mobile Village,US,TN,,KBGF,35.1775,-86.0662,298.0,America/Chicago,2012-02-09,2023-02-20,2012-02-10,2022-04-24,2012-01-01,2022-01-01
KBHK0,Baker,US,MT,,KBHK,46.3476,-104.2594,908.0,America/Denver,2006-01-01,2023-02-20,2006-01-01,2022-04-24,2006-01-01,2022-01-01
KBIF0,El Paso / Aero Vista,US,TX,,KBIF,31.8495,-106.38,1203.0,America/Denver,2010-06-15,2023-02-20,2012-03-19,2022-04-24,2017-01-01,2018-01-01
KBIV0,Holland / Lincoln Estates Mobile Home Park,US,MI,,KBIV,42.7428,-86.1078,213.0,America/Detroit,2006-01-01,2023-02-20,2006-01-01,2022-04-24,2006-01-01,2022-01-01
KBJC0,Denver / Broomfield / Countryside,US,CO,,KBJC,39.9088,-105.1172,1729.0,America/Denver,2006-01-01,2023-02-20,2017-06-15,2022-04-24,2020-01-01,2022-01-01
KBKB0,Fort Polk / Lacamp,US,LA,,KBKB,31.15,-92.9667,94.0,America/Chicago,2006-01-01,2023-02-20,2006-01-04,2022-04-24,2006-01-01,2022-01-01
KBKD0,Breckenridge / South Hanlon,US,TX,,KBKD,32.7188,-98.8916,391.0,America/Chicago,2009-07-11,2023-02-20,2009-08-07,2022-04-23,2014-01-01,2022-01-01
KBKE0,Baker / Estes (Historical),US,OR,,KBKE,44.8373,-117.8091,1028.0,America/Los_Angeles,1973-01-01,2023-02-20,1973-01-01,2022-04-24,2001-01-01,2022-01-01
KBKF0,Denver / Aurora / Side Creek,US,CO,,KBKF,39.7017,-104.7517,1726.0,America/Denver,1944-03-01,2023-02-20,1961-03-02,2022-04-24,1961-01-01,2021-01-01
KBKL0,Brookville / Old Chinatown,US,PA,,KBKL,41.5175,-81.6833,178.0,America/New_York,2006-01-01,2023-02-20,2006-01-01,2022-04-24,2006-01-01,2022-01-01
KBKS0,Falfurrias / Airport Road Addition Colonia,US,TX,,KBKS,27.206,-98.121,34.0,America/Chicago,2006-07-10,2023-02-20,2008-01-30,2022-04-24,2012-01-01,2022-01-01
KBLH0,Blythe / Mesa Verde,US,CA,,KBLH,33.6192,-114.7169,122.0,America/Los_Angeles,1942-06-13,2023-02-20,1942-06-30,2022-04-24,1942-01-01,2022-01-01
KBLI0,Bellingham / Marietta-Alderwood,US,WA,,KBLI,48.7927,-122.5375,52.0,America/Los_Angeles,1948-01-01,2023-02-20,1948-01-02,2022-04-24,1948-01-01,2022-01-01
KBLM0,Belmar / Carmerville,US,NJ,,KBLM,40.1868,-74.1246,47.0,America/New_York,1983-04-21,2023-02-20,1992-04-17,2022-04-24,2020-01-01,2022-01-01
KBLU0,Blue Canyon,US,CA,,KBLU,39.275,-120.7097,1611.0,America/Los_Angeles,1973-01-01,2023-02-20,1973-01-02,2022-04-24,1981-01-01,2022-01-01
KBMG0,Bloomington / Kirby,US,IN,,KBMG,39.146,-86.6167,258.0,America/Indiana/Indianapolis,2006-01-01,2023-02-20,2006-01-01,2022-04-25,2006-01-01,2022-01-01
KBMQ0,Burnet / Gandy,US,TX,,KBMQ,30.7389,-98.2386,391.0,America/Chicago,2006-01-01,2023-02-20,2006-01-04,2022-04-24,2006-01-01,2022-01-01
KBMT0,Beaumont / Amelia,US,TX,,KBMT,30.0702,-94.2151,10.0,America/Chicago,2011-03-11,2023-02-20,2011-04-15,2022-04-24,2011-01-01,2022-01-01
KBPC0,Pampa / Parnell (Historical),US,TX,,KBPC,35.8893,-101.0301,845.0,America/Chicago,2009-03-26,2023-02-20,2009-04-14,2022-04-24,2015-01-01,2022-01-01
KBPG0,Big Spring Airport,US,TX,,KBPG,32.2126,-101.5216,784.0,America/Chicago,2006-08-20,2023-02-20,2011-02-10,2022-04-23,2015-01-01,2022-01-01
KBQP0,Bastrop,US,LA,,KBQP,32.7561,-91.8806,51.0,America/Chicago,2006-10-21,2023-02-20,2007-10-25,2022-04-24,2014-01-01,2021-01-01
KBTL0,Battle Creek / Avenue A Mobile Home Estates,US,MI,,KBTL,42.3073,-85.2515,290.0,America/Detroit,1942-10-01,2023-02-20,1942-11-02,2022-04-24,1942-01-01,2022-01-01
KBTP0,Butler / Brownsdale,US,PA,,KBTP,40.7766,-79.9511,380.0,America/New_York,2006-01-01,2023-02-20,2006-01-01,2022-04-24,2008-01-01,2021-01-01
KBVI0,Beaver Falls / West Mayfield,US,PA,,KBVI,40.7725,-80.3914,382.0,America/New_York,2006-01-02,2023-02-20,2019-07-24,2022-04-24,2020-01-01,2022-01-01
KBVY0,Beverly / Danvers,US,MA,,KBVY,42.5841,-70.9161,33.0,America/New_York,2006-01-01,2023-02-20,2006-01-01,2022-04-24,2006-01-01,2022-01-01
KBWD0,Brownwood / Early,US,TX,,KBWD,31.7936,-98.9565,423.0,America/Chicago,2006-04-02,2023-02-20,2009-01-31,2022-04-24,2010-01-01,2022-01-01
KBWG0,Bowling Green / Eastland Park,US,KY,,KBWG,36.9645,-86.4197,167.0,America/Chicago,1973-01-01,2023-02-20,1973-01-02,2022-04-24,1999-01-01,2021-01-01
KBYY0,Bay City / Caney,US,TX,,KBYY,28.9733,-95.8634,14.0,America/Chicago,2006-07-14,2023-02-20,2007-10-30,2022-04-24,2012-01-01,2022-01-01
KBZN0,Bozeman / Belgrade Village Mobile Home Park,US,MT,,KBZN,45.7776,-111.152,1363.0,America/Denver,1973-01-01,2023-02-20,1973-01-01,2022-04-24,1999-01-01,2022-01-01
KC070,Mack,US,CO,,KC07,39.2681,-108.864,1440.0,America/Denver,2020-01-14,2022-12-12,2020-01-14,2022-04-23,2020-01-01,2022-01-01
KCAD0,Cadillac / Cadillac Leisure Mobile Home Community,US,MI,,KCAD,44.2753,-85.4189,398.0,America/Detroit,1990-07-24,2023-02-20,1993-12-02,2022-04-24,2005-01-01,2022-01-01
KCCU0,Copper Mountain / Slate Creek,US,CO,,KCCU,39.7833,-106.25,3680.0,America/Denver,2006-01-01,2023-02-20,2006-01-01,2022-04-24,2007-01-01,2022-01-01
KCEC0,Crescent City / Crescent City North,US,CA,,KCEC,41.7802,-124.2365,19.0,America/Los_Angeles,1973-01-01,2023-02-20,1992-08-13,2022-04-24,2005-01-01,2022-01-01
KCFE0,Buffalo / Buffalo Manor East,US,MN,,KCFE,45.1592,-93.8433,295.0,America/Chicago,2005-01-01,2023-02-20,2005-01-01,2022-04-24,2007-01-01,2022-01-01
KCFS0,Caro / Wahjamega,US,MI,,KCFS,43.45,-83.45,214.0,America/Detroit,2005-02-01,2023-02-20,2005-02-04,2022-04-24,2011-01-01,2022-01-01
KCGZ0,Casa Grande,US,AZ,,KCGZ,32.9549,-111.7668,446.0,America/Phoenix,2006-01-01,2023-02-20,2006-01-01,2022-04-24,2006-01-01,2021-01-01
KCIU0,Sault Ste Marie / Kinross,US,MI,,KCIU,46.2507,-84.4724,244.0,America/Detroit,2006-01-01,2023-02-20,2006-01-02,2022-04-24,2008-01-01,2021-01-01
KCLK0,Clinton / East Junction,US,OK,,KCLK,35.5383,-98.9328,493.0,America/Chicago,2005-06-11,2023-02-20,2005-06-15,2022-04-24,2010-01-01,2022-01-01
KCLL0,College Station / Spear,US,TX,,KCLL,30.5886,-96.3638,98.0,America/Chicago,2005-01-01,2023-02-20,2005-01-01,2022-04-24,2005-01-01,2022-01-01
KCMA0,Camarillo / Springville,US,CA,,KCMA,34.2137,-119.0944,24.0,America/Los_Angeles,2005-01-01,2023-02-20,2005-01-01,2022-04-24,2005-01-01,2022-01-01
KCNM0,Carlsbad / Livingston Wheeler,US,NM,,KCNM,32.3375,-104.2633,1004.0,America/Denver,1942-09-10,2023-02-20,1942-09-11,2022-04-24,1942-01-01,2021-01-01
KCNO0,Chino,US,CA,,KCNO,33.9748,-117.6365,198.0,America/Los_Angeles,2006-01-01,2023-02-20,2006-01-01,2022-04-24,2006-01-01,2021-01-01
KCNU0,Chanute,US,KS,,KCNU,37.6688,-95.4851,306.0,America/Chicago,1973-01-01,2023-02-20,1973-01-01,2022-04-24,1999-01-01,2021-01-01
KCOM0,Coleman,US,TX,,KCOM,31.8411,-99.4036,517.0,America/Chicago,2011-02-08,2023-02-20,2011-02-09,2022-04-24,2014-01-01,2022-01-01
KCOT0,Cotulla / Zamora Acres Colonia,US,TX,,KCOT,28.4567,-99.2183,145.0,America/Chicago,1973-01-01,2023-02-20,1973-01-02,2022-04-24,1981-01-01,2022-01-01
KCPT0,Cleburne / Lebanon,US,TX,,KCPT,32.3537,-97.4338,260.0,America/Chicago,2006-05-23,2023-02-05,2006-08-24,2022-04-24,2015-01-01,2022-01-01
KCPW0,Wolf Creek Pass / Lucky Seven Summer Homes,US,CO,,KCPW,37.4514,-106.8003,3584.0,America/Denver,2006-01-01,2023-02-20,2006-01-01,2022-04-24,2020-01-01,2022-01-01
KCQT0,Los Angeles / Jefferson,US,CA,,KCQT,34.0167,-118.2833,56.0,America/Los_Angeles,2000-01-01,2023-02-20,2000-01-01,2022-04-24,2000-01-01,2021-01-01
KCRQ0,Carlsbad / Rancho Carlsbad Trailer Park,US,CA,,KCRQ,33.1283,-117.2801,101.0,America/Los_Angeles,2006-01-01,2023-02-20,2006-01-01,2022-04-24,2006-01-01,2021-01-01
KCRS0,Corsicana / Mildred,US,TX,,KCRS,32.0281,-96.4006,137.0,America/Chicago,2006-01-01,2023-02-20,2006-01-01,2022-04-24,2006-01-01,2022-01-01
KCSG0,Columbus / Wayne Terrace,US,GA,,KCSG,32.5163,-84.9389,121.0,America/New_York,1948-01-01,2023-02-20,1948-01-02,2022-04-23,1948-01-01,2021-01-01
KCVS0,Clovis / Cannon Air Force Base,US,NM,,KCVS,34.3829,-103.3222,1309.0,America/Denver,1943-01-25,2023-02-20,1943-01-26,2022-04-24,1943-01-01,2021-01-01
KCVX0,Charlevoix / Boulder Park,US,MI,,KCVX,45.3048,-85.2753,204.0,America/Detroit,2006-01-01,2023-02-20,2006-01-01,2022-04-24,2006-01-01,2022-01-01
KCWC0,Kickapoo / Wichita Falls,US,TX,,KCWC,33.8606,-98.4904,306.0,America/Chicago,2009-03-17,2023-01-07,2011-04-01,2022-04-24,2011-01-01,2022-01-01
KCXO0,Conroe / Beach,US,TX,,KCXO,30.3524,-95.4145,75.0,America/Chicago,2006-01-01,2023-02-20,2006-01-01,2022-04-24,2006-01-01,2022-01-01
KCZZ0,Campo,US,CA,,KCZZ,32.6167,-116.4667,802.0,America/Los_Angeles,2006-01-01,2020-10-26,2006-01-01,2020-10-25,2006-01-01,2020-01-01
KDAG0,Daggett / Minneola,US,CA,,KDAG,34.8537,-116.7867,588.0,America/Los_Angeles,1949-01-01,2023-02-20,1949-01-01,2022-04-24,1949-01-01,2021-01-01
KDET0,Detroit / Hamtramck,US,MI,,KDET,42.4092,-83.0099,191.0,America/Detroit,1973-01-01,2023-02-20,1973-01-01,2022-04-24,1981-01-01,2022-01-01
KDKR0,Crockett,US,TX,,KDKR,31.307,-95.4038,106.0,America/Chicago,2006-06-02,2023-02-20,2011-03-25,2022-04-24,2016-01-01,2021-01-01
KDKX0,Knoxville / Island Home,US,TN,,KDKX,35.9638,-83.8737,254.0,America/New_York,1979-05-07,2023-02-20,2016-04-16,2022-04-18,2017-01-01,2022-01-01
KDLS0,The Dalles / Dallesport,US,OR,,KDLS,45.6186,-121.1673,75.0,America/Los_Angeles,1973-01-01,2023-02-20,1973-01-01,2022-04-24,2001-01-01,2022-01-01
KDNK0,Polk Aaf / Hicks,US,LA,,KDNK,31.1667,-93.0,114.0,America/Chicago,2005-03-03,2013-05-02,2005-03-04,2013-05-01,2009-01-01,2013-01-01
KDRI0,De Ridder / Holiday Mobile Home Park,US,LA,,KDRI,30.8317,-93.3399,62.0,America/Chicago,2006-01-01,2023-02-20,2006-01-07,2022-04-24,2013-01-01,2022-01-01
KDRM0,Drummond Island,US,MI,,KDRM,46.0093,-83.7439,204.0,America/Detroit,2006-08-31,2023-02-20,2006-10-04,2022-04-24,2008-01-01,2021-01-01
KDTN0,Shreveport,US,LA,,KDTN,32.5402,-93.745,55.0,America/Chicago,2000-01-01,2023-02-20,2000-01-01,2022-04-24,2001-01-01,2021-01-01
KDTO0,Denton / Minchin,US,TX,,KDTO,33.2007,-97.198,196.0,America/Chicago,2006-01-01,2023-02-20,2006-01-01,2022-04-25,2006-01-01,2022-01-01
KDUH0,Lambertville / Elden Heights,US,MI,,KDUH,41.7359,-83.6558,204.0,America/Detroit,2006-01-01,2023-02-20,2006-01-01,2022-04-24,2006-01-01,2022-01-01
KDUJ0,Du Bois / Allens Mills,US,PA,,KDUJ,41.1783,-78.8987,554.0,America/New_York,1973-01-01,2023-02-20,1973-01-01,2022-04-24,2005-01-01,2022-01-01
KDUX0,Dumas,US,TX,,KDUX,35.8574,-102.0133,1130.0,America/Chicago,2006-01-09,2023-02-20,2010-07-25,2022-04-24,2014-01-01,2022-01-01
KDWH0,Houston / Pinewood Place,US,TX,,KDWH,30.0618,-95.5528,46.0,America/Chicago,2006-01-01,2023-02-20,2006-01-01,2022-04-24,2006-01-01,2022-01-01
KDYL0,Doylestown / Cross Keys,US,PA,,KDYL,40.3331,-75.1223,120.0,America/New_York,2006-01-01,2023-02-20,2006-01-01,2022-04-24,2006-01-01,2021-01-01
KDYR0,Dyersburg / South Dyersburg,US,TN,,KDYR,35.998,-89.4066,103.0,America/Chicago,1943-04-12,2023-02-20,1943-04-13,2022-04-24,1943-01-01,2022-01-01
KDZB0,Marble Falls / Horseshoe Bay,US,TX,,KDZB,30.5271,-98.3588,333.0,America/Chicago,2009-06-06,2023-02-20,2009-08-08,2022-04-24,2015-01-01,2022-01-01
KE380,Alpine,US,TX,,KE38,30.3842,-103.6836,1376.0,America/Chicago,2006-04-01,2023-02-20,2009-06-24,2022-04-24,2014-01-01,2022-01-01
KEBG0,Edinburg / Los Cerritos Colonia,US,TX,,KEBG,26.4417,-98.1222,23.0,America/Chicago,2006-05-10,2023-02-20,2008-01-28,2022-04-24,2015-01-01,2022-01-01
KECU0,Rocksprings,US,TX,,KECU,29.9469,-100.1739,723.0,America/Chicago,2006-03-01,2023-02-20,2011-02-19,2022-02-28,2014-01-01,2022-01-01
KEDC0,Austin / New Sweden,US,TX,,KEDC,30.3975,-97.5664,189.0,America/Chicago,2009-07-22,2023-02-20,2009-07-28,2022-04-24,2020-01-01,2022-01-01
KEEO0,Meeker,US,CO,,KEEO,40.0488,-107.8859,1959.0,America/Denver,2006-01-01,2023-02-20,2006-01-01,2022-04-24,2006-01-01,2022-01-01
KEGE0,Eagle County / Gypsum,US,CO,,KEGE,39.6428,-106.9159,1996.0,America/Denver,1973-01-01,2023-02-20,1973-01-01,2022-04-24,1981-01-01,2022-01-01
KEIK0,Erie / Lafayette,US,CO,,KEIK,40.0102,-105.048,1564.0,America/Denver,2014-07-01,2023-02-20,2014-07-01,2022-04-24,2016-01-01,2022-01-01
KELM0,Elmira / Big Flats Airport,US,NY,,KELM,42.1599,-76.8916,291.0,America/New_York,1973-01-01,2023-02-20,1973-01-01,2022-04-24,2005-01-01,2021-01-01
KELN0,Ellensburg,US,WA,,KELN,47.033,-120.5307,538.0,America/Los_Angeles,1988-01-06,2023-02-20,1998-10-07,2022-04-24,2005-01-01,2021-01-01
KELZ0,Wellsville / Norton Summit,US,NY,,KELZ,42.1095,-77.99,647.0,America/New_York,2006-01-01,2023-02-20,2006-01-01,2022-04-24,2006-01-01,2021-01-01
KEMP0,Emporia / Genes Mobile Home Park,US,KS,,KEMP,38.3306,-96.1899,368.0,America/Chicago,1973-01-01,2023-02-20,1973-01-01,2022-04-24,2005-01-01,2021-01-01
KERV0,Kerrville / Shady Grove,US,TX,,KERV,29.9767,-99.0855,493.0,America/Chicago,2006-09-01,2023-02-20,2011-02-18,2022-04-24,2011-01-01,2022-01-01
KESF0,Alexandria / Green Gables,US,LA,,KESF,31.3949,-92.2958,34.0,America/Chicago,1941-07-01,2023-02-20,1941-09-11,2022-04-24,1943-01-01,2021-01-01
KEWB0,New Bedford / Plainville,US,MA,,KEWB,41.6766,-70.9578,24.0,America/New_York,2006-01-01,2023-02-20,2006-01-01,2022-04-24,2006-01-01,2022-01-01
KEWN0,New Bern / Circle L Mobile Home Park,US,NC,,KEWN,35.073,-77.0429,6.0,America/New_York,1973-01-01,2023-02-20,1973-01-01,2022-04-24,1999-01-01,2022-01-01
KEYE0,Indianapolis / Clermont,US,IN,,KEYE,39.8308,-86.2944,251.0,America/Indiana/Indianapolis,2006-01-01,2023-02-16,2006-01-01,2022-04-24,2006-01-01,2022-01-01
KF050,Vernon / Hinds,US,TX,,KF05,34.2257,-99.2837,386.0,America/Chicago,2006-01-02,2023-02-20,2006-03-29,2022-04-24,2020-01-01,2022-01-01
KF440,Athens / Virginia Hill,US,TX,,KF44,32.1638,-95.8284,135.0,America/Chicago,2012-08-13,2023-02-20,2012-08-14,2022-04-24,2014-01-01,2022-01-01
KF460,Rockwall,US,TX,,KF46,32.9306,-96.4355,175.0,America/Chicago,2012-08-13,2023-02-20,2012-08-14,2022-04-24,2014-01-01,2022-01-01
KFCH0,Fresno / West Park,US,CA,,KFCH,36.7321,-119.8203,85.0,America/Los_Angeles,1995-04-23,2023-02-17,1995-05-06,2022-03-05,,
KFDR0,Frederick,US,OK,,KFDR,34.3667,-98.9833,386.0,America/Chicago,2006-01-01,2023-02-20,2006-01-02,2022-04-24,2010-01-01,2021-01-01
KFDY0,Findlay / West Park,US,OH,,KFDY,41.012,-83.6686,248.0,America/New_York,1973-01-01,2023-02-20,1973-01-01,2022-04-24,2000-01-01,2022-01-01
KFFM0,Fergus Falls / French,US,MN,,KFFM,46.2844,-96.1567,361.0,America/Chicago,2005-01-01,2023-02-20,2005-01-01,2022-04-24,2008-01-01,2022-01-01
KFFX0,Fremont Muni / Reeman,US,MI,,KFFX,43.4393,-85.9949,235.0,America/Detroit,2008-02-29,2023-02-20,2008-03-02,2022-04-24,2008-01-01,2022-01-01
KFIG0,Clearfield / Kerr Addition,US,PA,,KFIG,41.0486,-78.4131,462.0,America/New_York,2006-01-01,2023-02-20,2006-01-01,2022-04-24,2006-01-01,2021-01-01
KFIT0,Fitchburg / West Leominster,US,MA,,KFIT,42.5541,-71.759,106.0,America/New_York,1999-01-14,2023-02-20,1999-01-16,2022-04-24,2005-01-01,2021-01-01
KFKL0,Franklin / Mapledale,US,PA,,KFKL,41.3779,-79.8604,469.0,America/New_York,1973-01-01,2023-02-20,1991-09-20,2022-04-24,2007-01-01,2022-01-01
KFLG0,Flagstaff / Fort Tuthill,US,AZ,,KFLG,35.1403,-111.6693,2138.0,America/Phoenix,2005-01-01,2023-02-20,2005-01-01,2022-04-24,2005-01-01,2022-01-01
KFLY0,Colorado Springs / Falcon,US,CO,,KFLY,38.9457,-104.5699,2095.0,America/Denver,2010-12-01,2023-02-20,2010-12-02,2022-04-24,2011-01-01,2022-01-01
KFMM0,Fort Morgan / Saddle Ridge,US,CO,,KFMM,40.334,-103.8041,1392.0,America/Denver,2012-07-26,2023-02-20,2012-07-27,2022-04-24,2020-01-01,2022-01-01
KFNL0,Fort Collins / Redmond,US,CO,,KFNL,40.4518,-105.0113,1529.0,America/Denver,2006-01-01,2023-02-20,2006-01-01,2022-04-24,2006-01-01,2022-01-01
KFOK0,Westhampton Beach / Suffolk Pines,US,NY,,KFOK,40.8437,-72.6318,20.0,America/New_York,1943-07-18,2023-02-20,1943-09-08,2022-04-24,1943-01-01,2021-01-01
KFPK0,Charlotte / Meadows Mobile Home Park,US,MI,,KFPK,42.5745,-84.8114,272.0,America/Detroit,2006-01-01,2023-02-20,2006-01-01,2022-04-24,2006-01-01,2022-01-01
KFRG0,Farmingdale / East Farmingdale,US,NY,,KFRG,40.7288,-73.4134,24.0,America/New_York,2006-01-01,2023-02-20,2006-01-01,2022-04-24,2006-01-01,2022-01-01
KFST0,Fort Stockton / Little Mexico Colonia,US,TX,,KFST,30.9153,-102.9128,918.0,America/Chicago,2005-01-01,2023-02-20,2005-01-01,2022-04-24,2005-01-01,2021-01-01
KFTG0,Colorado Air and Space Port,US,CO,,KCFO,39.7852,-104.5431,1680.0,America/Denver,2006-01-08,2023-02-20,2010-09-02,2022-04-24,,
KFTN0,Carrizo Springs / Rancho Cerrito Prieta,US,TX,,KFTN,28.2086,-100.0188,236.0,America/Chicago,2010-06-30,2023-02-20,2010-06-30,2022-04-24,2012-01-01,2022-01-01
KFUL0,Fullerton / Fuller Park,US,CA,,KFUL,33.872,-117.9798,29.0,America/Los_Angeles,2006-01-01,2023-02-20,2006-01-01,2022-04-24,2006-01-01,2022-01-01
KFWS0,Fort Worth / Oak Grove,US,TX,,KFWS,32.5652,-97.3081,213.0,America/Chicago,2006-06-18,2023-02-20,2012-10-16,2022-04-24,2020-01-01,2022-01-01
KFZY0,Fulton / Volney,US,NY,,KFZY,43.3508,-76.3881,145.0,America/New_York,2006-01-01,2023-02-20,2006-01-01,2022-04-24,2006-01-01,2022-01-01
KGAO0,Galliano / J And K Mobile Park,US,LA,,KGAO,29.4411,-90.2611,0.0,America/Chicago,2006-01-19,2023-02-20,2006-01-21,2022-04-24,2015-01-01,2021-01-01
KGCD0,John Day,US,OR,,KGCD,44.4029,-118.9679,1129.0,America/Los_Angeles,2005-01-03,2023-02-20,2006-11-09,2022-04-24,2014-01-01,2022-01-01
KGCK0,Garden City / Mansfield,US,KS,,KGCK,37.9275,-100.7244,881.0,America/Chicago,1943-02-01,2023-02-20,1943-02-02,2022-04-24,1943-01-01,2021-01-01
KGCM0,Claremore / Harmony Star,US,OK,,KGCM,36.2927,-95.4796,223.0,America/Chicago,2006-01-01,2023-02-20,2006-01-01,2022-04-24,2010-01-01,2022-01-01
KGDJ0,Granbury,US,TX,,KGDJ,32.4444,-97.8169,237.0,America/Chicago,2006-06-01,2023-02-20,2006-09-05,2022-04-24,2013-01-01,2022-01-01
KGDV0,Glendive / Landtsheim (Historical),US,MT,,KGDV,47.1387,-104.8072,749.0,America/Denver,2006-01-01,2023-02-20,2006-01-01,2022-04-23,2006-01-01,2022-01-01
KGEZ0,Shelbyville / Candleglo Village,US,IN,,KGEZ,39.5831,-85.8048,245.0,America/Indiana/Indianapolis,2006-01-01,2023-02-20,2006-01-01,2022-04-24,2006-01-01,2022-01-01
KGFA0,Great Falls / Malmstrom Air Force Base,US,MT,,KGFA,47.5047,-111.1873,1058.0,America/Denver,1942-12-01,2023-02-20,1942-12-02,2022-04-24,1943-01-01,2020-01-01
KGHG0,Marshfield Municipal Airport / Fieldston,US,MA,,KGHG,42.0983,-70.6721,3.0,America/New_York,2005-12-19,2023-02-20,2005-12-20,2022-04-24,2015-01-01,2022-01-01
KGKJ0,Meadville / Onspaugh Corners,US,PA,,KGKJ,41.6265,-80.2147,426.0,America/New_York,2006-01-01,2023-02-20,2006-01-01,2022-04-24,2006-01-01,2022-01-01
KGKY0,Arlington / Southland Acres,US,TX,,KGKY,32.6639,-97.0943,191.0,America/Chicago,2006-01-01,2023-02-20,2006-01-01,2022-04-24,2006-01-01,2022-01-01
KGLE0,Gainesville / Lindsay,US,TX,,KGLE,33.6522,-97.1973,258.0,America/Chicago,2006-06-02,2023-02-20,2007-05-28,2022-04-24,2015-01-01,2022-01-01
KGLR0,Gaylord / Nottingham Forest Mobile Home Park,US,MI,,KGLR,45.0136,-84.7036,405.0,America/Detroit,2006-01-01,2023-02-20,2006-01-01,2022-04-24,2006-01-01,2022-01-01
KGMJ0,Grove,US,OK,,KGMJ,36.6068,-94.7386,253.0,America/Chicago,2006-01-01,2023-02-20,2006-01-01,2022-04-24,2006-01-01,2022-01-01
KGNB0,Granby,US,CO,,KGNB,40.09,-105.9165,2502.0,America/Denver,2017-07-03,2023-02-20,2017-07-05,2022-04-24,2020-01-01,2022-01-01
KGNC0,Seminole,US,TX,,KGNC,32.6833,-102.6667,1024.0,America/Chicago,2006-07-10,2023-02-20,2011-02-10,2022-04-24,2012-01-01,2022-01-01
KGNT0,Grants-Milan,US,NM,,KGNT,35.1673,-107.9021,1993.0,America/Denver,1948-01-01,2023-02-20,1948-01-02,2022-04-24,1948-01-01,2022-01-01
KGOK0,Guthrie,US,OK,,KGOK,35.8513,-97.4161,326.0,America/Chicago,2006-01-01,2023-02-20,2006-01-01,2022-04-24,2006-01-01,2022-01-01
KGOP0,Gatesville,US,TX,,KGOP,31.4213,-97.797,276.0,America/Chicago,2005-01-06,2023-02-20,2005-09-29,2022-04-24,2012-01-01,2022-01-01
KGOV0,Grayling,US,MI,,KGOV,44.6803,-84.7289,353.0,America/Detroit,2006-01-01,2023-02-20,2006-01-01,2022-04-24,2006-01-01,2021-01-01
KGPM0,Grand Prairie / Florence Hill,US,TX,,KGPM,32.6988,-97.0469,179.0,America/Chicago,2006-01-01,2023-02-20,2010-04-11,2022-04-24,2020-01-01,2022-01-01
KGRK0,Killeen / Fort Hood / Montague Village,US,TX,,KGRK,31.0673,-97.8289,309.0,America/Chicago,1950-09-26,2023-02-20,1950-09-27,2022-04-24,1950-01-01,2021-01-01
KGSB0,Goldsboro / Sandy Springs,US,NC,,KGSB,35.3394,-77.9606,33.0,America/New_York,1943-06-01,2023-02-20,1943-08-12,2022-04-24,1943-01-01,2021-01-01
KGSH0,Goshen / Bainter Town,US,IN,,KGSH,41.5263,-85.7942,252.0,America/Indiana/Indianapolis,1999-01-14,2023-02-20,1999-01-23,2022-04-24,2005-01-01,2021-01-01
KGTU0,Georgetown / Serenada,US,TX,,KGTU,30.6788,-97.6794,241.0,America/Chicago,2006-01-01,2023-02-20,2006-01-01,2022-04-24,2007-01-01,2022-01-01
KGUC0,Gunnison,US,CO,,KGUC,38.5339,-106.933,2341.0,America/Denver,2005-01-01,2023-02-20,2005-01-02,2022-04-24,2005-01-01,2021-01-01
KGUS0,Bunker Hill / Grissom Air Force Base,US,IN,,KGUS,40.6481,-86.1521,248.0,America/Indiana/Indianapolis,2006-01-01,2023-02-20,2008-01-09,2022-04-24,2008-01-01,2021-01-01
KGUY0,Guymon,US,OK,,KGUY,36.6851,-101.5078,953.0,America/Chicago,2006-01-01,2023-02-20,2006-01-01,2022-04-24,2006-01-01,2021-01-01
KGVT0,Greenville / Center Point,US,TX,,KGVT,33.0678,-96.0653,163.0,America/Chicago,2006-07-20,2023-02-20,2010-12-19,2022-04-24,2016-01-01,2022-01-01
KGVW0,Kansas City,US,MO,,KGVW,38.8442,-94.5603,0.0,America/Chicago,1954-03-27,2023-02-20,1954-03-28,2022-04-24,1954-01-01,1977-01-01
KGXY0,Greeley / Cloverly,US,CO,,KGXY,40.4374,-104.6332,1432.0,America/Denver,2006-01-01,2023-02-20,2006-01-01,2022-04-23,2007-01-01,2022-01-01
KGYB0,Giddings,US,TX,,KGYB,30.1693,-96.98,148.0,America/Chicago,2005-11-28,2023-02-20,2008-09-07,2022-04-24,2012-01-01,2022-01-01
KGYI0,Sherman / Pottsboro,US,TX,,KGYI,33.7141,-96.6737,228.0,America/Chicago,2006-02-02,2023-02-20,2006-02-14,2022-04-24,2014-01-01,2022-01-01
KGYY0,Gary / Clarke Junction,US,IN,,KGYY,41.6163,-87.4128,180.0,America/Chicago,2006-01-01,2023-02-20,2020-01-14,2022-04-24,2020-01-01,2022-01-01
KHAI0,Three Rivers / Meadow Lane Village Mobile Home Park,US,MI,,KHAI,41.9597,-85.5934,251.0,America/Detroit,2006-10-24,2023-02-20,2006-10-25,2022-04-24,2006-01-01,2022-01-01
KHBR0,Hobart / Babbs,US,OK,,KHBR,34.9913,-99.0514,476.0,America/Chicago,1973-01-01,2023-02-20,1973-01-01,2022-04-23,1999-01-01,2022-01-01
KHBV0,Hebbronville / Las Lomitas B Colonia,US,TX,,KHBV,27.3496,-98.7369,202.0,America/Chicago,2006-01-02,2023-02-20,2006-05-31,2022-04-24,2016-01-01,2022-01-01
KHCA0,Big Spring / Holy Cross,US,TX,,KHCA,62.1883,-159.7749,21.0,America/Chicago,1947-01-01,1974-11-30,1947-01-02,1953-11-14,1947-01-01,1953-01-01
KHDC0,Hammond / Tallow Wood,US,LA,,KHDC,30.5217,-90.4184,14.0,America/Chicago,2006-04-21,2023-02-20,2006-06-03,2022-04-24,2013-01-01,2022-01-01
KHDN0,Hayden,US,CO,,KHDN,40.4812,-107.2177,2014.0,America/Denver,2005-01-01,2023-02-20,2005-01-01,2022-04-24,2005-01-01,2021-01-01
KHDO0,Hondo,US,TX,,KHDO,29.3597,-99.1767,284.0,America/Chicago,1942-09-15,2023-02-20,1942-09-16,2022-04-24,1943-01-01,2021-01-01
KHEQ0,Holyoke,US,CO,,KHEQ,40.5694,-102.2727,1137.0,America/Denver,2010-11-29,2023-02-20,2010-12-06,2022-04-24,2018-01-01,2022-01-01
KHHF0,Canadian,US,TX,,KHHF,35.8951,-100.4039,730.0,America/Chicago,2006-03-13,2023-02-20,2011-04-02,2022-04-24,2016-01-01,2022-01-01
KHHR0,Hawthorne / Cypave,US,CA,,KHHR,33.9228,-118.3352,20.0,America/Los_Angeles,2006-01-01,2023-02-20,2006-01-01,2022-04-24,2006-01-01,2022-01-01
KHIB0,Hibbing-Chisholm / Wilpen,US,MN,,KHIB,47.3866,-92.839,413.0,America/Chicago,1973-01-01,2023-02-20,1973-01-01,2022-04-24,1973-01-01,2022-01-01
KHJO0,Hanford / Shell,US,CA,,KHJO,36.3167,-119.6277,73.0,America/Los_Angeles,2006-01-01,2023-02-20,2006-01-01,2022-04-24,2006-01-01,2022-01-01
KHLC0,Hill City,US,KS,,KHLC,39.3802,-99.8315,682.0,America/Chicago,1973-01-01,2023-02-20,1996-05-18,2022-04-23,2005-01-01,2021-01-01
KHNB0,Huntingburg / Johnsburg,US,IN,,KHNB,38.249,-86.9537,161.0,America/Indiana/Vincennes,2006-01-01,2023-02-20,2006-01-01,2022-04-24,2006-01-01,2021-01-01
KHOB0,Hobbs,US,NM,,KHOB,32.6875,-103.217,1116.0,America/Denver,1942-11-01,2023-02-20,1942-11-02,2022-04-24,1943-01-01,2022-01-01
KHPN0,White Plains / Sarosca Farm Estates,US,NY,,KHPN,41.0669,-73.7076,134.0,America/New_York,1973-01-01,2023-02-20,1973-01-02,2022-04-24,1974-01-01,2021-01-01
KHQM0,Hoquiam / Aberdeen / Grays Harbor City,US,WA,,KHQM,46.9712,-123.9366,6.0,America/Los_Angeles,1991-01-08,2023-02-20,2001-03-02,2022-04-24,2001-01-01,2022-01-01
KHQZ0,Mesquite / Markout,US,TX,,KHQZ,32.747,-96.5304,136.0,America/Chicago,2006-01-29,2023-02-20,2010-05-02,2022-04-24,2018-01-01,2022-01-01
KHRL0,Harlingen / Santa Elena Colonia,US,TX,,KHRL,26.2285,-97.6544,11.0,America/Chicago,1942-03-01,2023-02-20,1942-03-02,2022-04-24,1942-01-01,2021-01-01
KHRX0,Hereford / Joel,US,TX,,KHRX,34.8607,-102.3259,1155.0,America/Chicago,2007-06-04,2023-02-20,2011-02-28,2022-04-24,2014-01-01,2022-01-01
KHSE0,Hatteras / Frisco,US,NC,,KHSE,35.2328,-75.6178,5.0,America/New_York,1996-01-01,2023-02-20,1996-01-01,2022-04-24,1996-01-01,2021-01-01
KHUM0,Houma / Presquille,US,LA,,KHUM,29.5665,-90.6604,3.0,America/Chicago,2005-01-01,2023-02-20,2010-05-15,2022-04-24,2020-01-01,2021-01-01
KHUT0,Hutchinson / Obeeville,US,KS,,KHUT,38.0655,-97.8606,470.0,America/Chicago,1945-02-01,2023-02-20,1945-02-02,2022-04-24,1945-01-01,2022-01-01
KHWV0,Shirley,US,NY,,KHWV,40.8219,-72.8669,25.0,America/New_York,2006-01-01,2023-02-20,2006-01-01,2022-04-24,2006-01-01,2022-01-01
KHYA0,Hyannis,US,MA,,KHYA,41.6693,-70.2804,17.0,America/New_York,2006-01-01,2023-02-20,2006-01-01,2022-04-24,2006-01-01,2021-01-01
KHYI0,San Marcos / Reedville,US,TX,,KHYI,29.8927,-97.863,181.0,America/Chicago,2006-01-01,2023-02-20,2006-01-01,2022-04-24,2007-01-01,2022-01-01
KHYS0,Hays / Buffalo Hills Mobile Home Park,US,KS,,KHYS,38.8422,-99.2732,609.0,America/Chicago,2006-01-01,2023-02-20,2006-01-01,2022-04-24,2008-01-01,2021-01-01
KHYX0,Saginaw / Robin Glen Mobile Home Community,US,MI,,KHYX,43.4334,-83.8623,183.0,America/Detroit,2006-01-01,2023-02-20,2006-01-01,2022-04-24,2006-01-01,2022-01-01
KIAG0,Niagara Falls / Walmore,US,NY,,KIAG,43.1073,-78.9462,180.0,America/New_York,1951-06-12,2023-02-20,1951-06-13,2022-04-24,1951-01-01,2022-01-01
KIDI0,Indiana / Bryan Hill Manor,US,PA,,KIDI,40.6322,-79.1055,428.0,America/New_York,2006-01-01,2023-02-20,2006-01-29,2022-04-24,2015-01-01,2022-01-01
KIER0,Natchitoches / East Natchitoches,US,LA,,KIER,31.7357,-93.0991,37.0,America/Chicago,2006-01-01,2023-02-20,2006-02-23,2022-04-24,2007-01-01,2022-01-01
KILE0,Killeen / Lone Star,US,TX,,KILE,31.0858,-97.6865,259.0,America/Chicago,2006-01-01,2023-02-20,2006-01-01,2022-04-24,2009-01-01,2022-01-01
KIMT0,Iron Mountain,US,MI,,KIMT,45.8184,-88.1146,360.0,America/Menominee,2006-01-01,2023-02-20,2006-01-01,2022-04-24,2006-01-01,2022-01-01
KINJ0,Hillsboro / Carls Corner,US,TX,,KINJ,32.0836,-97.0973,209.0,America/Chicago,2006-06-21,2023-02-20,2011-03-30,2022-04-24,2014-01-01,2022-01-01
KINK0,Wink,US,TX,,KINK,31.7798,-103.2017,860.0,America/Chicago,1946-08-01,2023-02-20,1946-08-02,2022-04-24,1947-01-01,2022-01-01
KIPL0,Imperial,US,CA,,KIPL,32.8342,-115.5787,-16.0,America/Los_Angeles,2006-01-01,2023-02-20,2006-01-01,2022-04-24,2006-01-01,2021-01-01
KIRS0,Sturgis,US,MI,,KIRS,41.8133,-85.4389,282.0,America/Detroit,2006-01-01,2023-02-20,2006-01-01,2022-04-24,2006-01-01,2022-01-01
KISO0,Kinston / Mewborns Crossroads,US,NC,,KISO,35.3314,-77.6088,28.0,America/New_York,1973-06-08,2023-02-20,2005-01-01,2022-04-24,2020-01-01,2022-01-01
KISQ0,Manistique,US,MI,,KISQ,45.9746,-86.1718,209.0,America/Detroit,2006-01-01,2023-02-20,2006-01-01,2022-04-24,2006-01-01,2022-01-01
KITH0,Ithaca / Lansing,US,NY,,KITH,42.4914,-76.4587,335.0,America/New_York,2006-01-01,2023-02-20,2006-01-01,2022-04-24,2006-01-01,2022-01-01
KITR0,Burlington / West Burlington,US,CO,,KITR,39.2425,-102.2854,1286.0,America/Denver,2006-01-01,2023-02-20,2006-01-01,2022-04-23,2006-01-01,2022-01-01
KIWA0,Chandler / Germann,US,AZ,,KIWA,33.3078,-111.6555,421.0,America/Phoenix,1942-03-01,2023-02-20,1942-03-03,2022-04-24,1942-01-01,2022-01-01
KIWD0,Ironwood / Hautala Corner,US,MI,,KIWD,46.5275,-90.1314,375.0,America/Menominee,2006-01-01,2023-02-20,2006-01-01,2022-04-24,2008-01-01,2022-01-01
KIYK0,Inyokern,US,CA,,KIYK,35.6587,-117.8295,749.0,America/Los_Angeles,2006-01-01,2023-02-19,2006-10-21,2006-10-21,,
KJAS0,Jasper / Curtis,US,TX,,KJAS,30.8857,-94.0349,65.0,America/Chicago,2006-03-21,2023-02-20,2011-02-11,2022-04-24,2015-01-01,2022-01-01
KJDD0,Mineola-Quitman / Calvary,US,TX,,KJDD,32.7422,-95.4965,132.0,America/Chicago,2006-04-01,2023-02-20,2006-09-28,2022-04-24,2015-01-01,2022-01-01
KJDN0,Jordan,US,MT,,KJDN,47.3287,-106.9527,811.0,America/Denver,2006-04-02,2023-02-20,2020-01-17,2022-04-24,,
KJHW0,Jamestown / Kimball Stand,US,NY,,KJHW,42.1534,-79.258,525.0,America/New_York,2006-01-01,2023-02-20,2006-02-28,2022-04-24,2008-01-01,2022-01-01
KJKJ0,Moorhead / Park Lane Mobile Home Park,US,MN,,KJKJ,46.8393,-96.664,280.0,America/Chicago,2006-01-01,2023-02-20,2006-01-01,2022-04-24,2006-01-01,2022-01-01
KJMR0,Mora,US,MN,,KJMR,45.8861,-93.2718,308.0,America/Chicago,2006-01-01,2023-02-20,2006-01-01,2022-04-24,2006-01-01,2022-01-01
KJNX0,Smithfield / Whitley Heights,US,NC,,KJNX,35.5409,-78.3903,50.0,America/New_York,2006-01-01,2023-02-17,2006-02-20,2022-04-24,2010-01-01,2022-01-01
KJQF0,Concord / Cox Mill,US,NC,,KJQF,35.3878,-80.7091,215.0,America/New_York,2006-01-01,2023-02-20,2006-01-01,2022-04-24,2020-01-01,2022-01-01
KJSO0,Jacksonville / Dialville,US,TX,,KJSO,31.8693,-95.2174,207.0,America/Chicago,2006-02-02,2023-02-20,2009-01-01,2022-04-24,2011-01-01,2022-01-01
KJST0,Johnstown / Wissingertown,US,PA,,KJST,40.3161,-78.8339,696.0,America/New_York,1973-01-01,2023-02-20,1991-03-23,2022-04-24,2005-01-01,2021-01-01
KJSV0,Sallisaw,US,OK,,KJSV,35.4382,-94.8029,161.0,America/Chicago,2006-01-01,2023-02-20,2006-01-01,2022-04-24,2006-01-01,2022-01-01
KJWG0,Watonga,US,OK,,KJWG,35.8647,-98.4207,473.0,America/Chicago,2006-01-01,2023-02-20,2006-01-01,2022-04-24,2007-01-01,2022-01-01
KJWY0,Waxahachie / Sardis,US,TX,,KJWY,32.4562,-96.9127,217.0,America/Chicago,2006-05-16,2023-02-20,2006-08-31,2022-04-24,2014-01-01,2022-01-01
KJXN0,Jackson / Coffman Trailer Court,US,MI,,KJXN,42.2604,-84.4604,305.0,America/Detroit,1973-01-01,2023-02-20,1973-01-03,2022-04-24,2000-01-01,2022-01-01
KJYG0,St James / Grogan,US,MN,,KJYG,43.9863,-94.5579,325.0,America/Chicago,2006-01-01,2023-02-20,2006-01-03,2022-04-24,2008-01-01,2022-01-01
KJYM0,Hillsdale,US,MI,,KJYM,41.9213,-84.5858,361.0,America/Detroit,2006-01-01,2023-02-20,2006-01-01,2022-04-24,2008-01-01,2022-01-01
KLAA0,Lamar / Beta,US,CO,,KLAA,38.0697,-102.6885,1130.0,America/Denver,2006-01-01,2023-02-20,2006-01-01,2022-04-23,2006-01-01,2021-01-01
KLAF0,Lafayette / Summit,US,IN,,KLAF,40.4123,-86.9369,185.0,America/Indiana/Indianapolis,1973-01-01,2023-02-20,1973-01-01,2022-04-24,1979-01-01,2022-01-01
KLBE0,Latrobe / Manito,US,PA,,KLBE,40.2746,-79.4068,366.0,America/New_York,2006-01-01,2023-02-20,2014-05-16,2022-04-24,2020-01-01,2022-01-01
KLBL0,Liberal / Western Mobile Home Park South,US,KS,,KLBL,37.0442,-100.9599,879.0,America/Chicago,2006-01-01,2023-02-20,2006-01-02,2022-04-24,2010-01-01,2021-01-01
KLBR0,Clarksville,US,TX,,KLBR,33.5932,-95.0636,134.0,America/Chicago,2006-02-23,2016-08-19,2007-11-30,2014-08-28,2012-01-01,2012-01-01
KLBT0,Lumberton,US,NC,,KLBT,34.6099,-79.0594,38.0,America/New_York,1999-01-19,2023-02-20,1999-01-20,2019-01-28,2005-01-01,2018-01-01
KLBX0,Angleton / Snipe,US,TX,,KLBX,29.1086,-95.4621,8.0,America/Chicago,2006-01-01,2023-02-20,2006-01-01,2022-04-24,2006-01-01,2021-01-01
KLCK0,Columbus / Lockbourne,US,OH,,KLCK,39.8138,-82.9278,227.0,America/New_York,1942-08-01,2023-02-20,1942-08-19,2022-04-24,1942-01-01,2021-01-01
KLDM0,Ludington / Hidden Forest Mobile Home Park,US,MI,,KLDM,43.9625,-86.4079,197.0,America/Detroit,2005-01-01,2023-02-20,2005-01-01,2022-04-24,2006-01-01,2022-01-01
KLFK0,Lufkin / Burke,US,TX,,KLFK,31.234,-94.75,90.0,America/Chicago,1973-01-01,2023-02-20,1973-01-01,2022-04-24,1981-01-01,2022-01-01
KLFT0,Lafayette / Walroy,US,LA,,KLFT,30.2052,-91.9876,13.0,America/Chicago,1945-10-01,2023-02-20,1945-10-02,2022-04-24,1945-01-01,2022-01-01
KLGD0,La Grande / Island City,US,OR,,KLGD,45.2902,-118.0071,828.0,America/Los_Angeles,1988-05-06,2023-02-20,1992-03-02,2022-04-23,2005-01-01,2021-01-01
KLHB0,Hearne,US,TX,,KLHB,30.8721,-96.6222,87.0,America/Chicago,2006-06-06,2023-02-20,2011-02-11,2022-04-24,2011-01-01,2021-01-01
KLHZ0,Louisburg / Royal,US,NC,,KLHZ,36.0233,-78.3303,113.0,America/New_York,2005-01-01,2023-02-20,2005-01-01,2022-04-24,2009-01-01,2022-01-01
KLIC0,Limon,US,CO,,KLIC,39.2748,-103.6659,1638.0,America/Denver,1973-01-01,2023-02-20,1986-12-03,2022-04-24,1989-01-01,2021-01-01
KLJF0,Litchfield / Evergreen Mobile Home Park,US,MN,,KLJF,45.1,-94.5,347.0,America/Chicago,2006-01-01,2023-02-20,2006-01-01,2022-04-24,2007-01-01,2022-01-01
KLMT0,Klamath Falls / Falcon Heights,US,OR,,KLMT,42.1561,-121.7332,1248.0,America/Los_Angeles,1959-09-01,2023-02-20,1959-09-02,2022-04-24,1959-01-01,2022-01-01
KLNC0,Lancaster / Wilmer,US,TX,,KLNC,32.5792,-96.7191,153.0,America/Chicago,2006-01-24,2023-02-20,2007-09-04,2022-04-24,2011-01-01,2022-01-01
KLNS0,Lancaster / Kissell Hill,US,PA,,KLNS,40.1224,-76.2944,123.0,America/New_York,2006-01-01,2023-02-20,2006-01-01,2022-04-24,2006-01-01,2021-01-01
KLOM0,Ambler / Five Points,US,PA,,KLOM,40.1376,-75.2651,92.0,America/New_York,2005-01-01,2023-02-20,2005-01-06,2022-04-24,2008-01-01,2022-01-01
KLUD0,Decatur,US,TX,,KLUD,33.2542,-97.5805,319.0,America/Chicago,2006-01-01,2023-02-20,2006-02-12,2022-04-24,2011-01-01,2022-01-01
KLUF0,Phoenix / Glendale / Webb,US,AZ,,KLUF,33.535,-112.3832,331.0,America/Phoenix,1941-12-01,2023-02-20,1941-12-02,2022-04-24,1942-01-01,2021-01-01
KLVJ0,Houston / Hastings,US,TX,,KLVJ,29.5213,-95.2421,13.0,America/Chicago,2006-01-01,2023-02-20,2006-01-01,2022-04-24,2006-01-01,2021-01-01
KLVK0,Livermore / East Pleasanton,US,CA,,KLVK,37.6934,-121.8204,122.0,America/Los_Angeles,2000-01-01,2023-02-20,2000-01-02,2022-04-24,2000-01-01,2021-01-01
KLVM0,Livingston / Urback Place,US,MT,,KLVM,45.6994,-110.4483,1420.0,America/Denver,1973-01-01,2023-02-20,1973-01-01,2022-04-24,2000-01-01,2021-01-01
KLVN0,Minneapolis / Lakeville,US,MN,,KLVN,44.6279,-93.2281,293.0,America/Chicago,2006-01-01,2023-02-20,2006-01-01,2022-04-24,2007-01-01,2022-01-01
KLVS0,Las Vegas / Arriba,US,NM,,KLVS,35.6542,-105.1424,2096.0,America/Denver,1946-08-01,2023-02-20,1946-08-02,2022-04-24,1946-01-01,2021-01-01
KLWA0,South Haven / Mitchell Brothers Mobile Home Park,US,MI,,KLWA,42.3512,-86.2556,203.0,America/Detroit,2006-01-01,2023-02-20,2006-01-01,2022-04-24,2006-01-01,2022-01-01
KLWC0,Lawrence / Midland,US,KS,,KLWC,39.0111,-95.2165,254.0,America/Chicago,2006-01-01,2023-02-20,2006-01-01,2022-04-24,2006-01-01,2021-01-01
KLWM0,Lawrence / Suttons Mills,US,MA,,KLWM,42.7172,-71.1234,45.0,America/New_York,2006-01-01,2023-02-20,2006-01-01,2022-04-24,2006-01-01,2022-01-01
KLWT0,Lewistown / Lewlistown [Misspelling] / Lewistown Heights,US,MT,,KLWT,47.0493,-109.4667,1271.0,America/Denver,1942-04-01,2023-02-20,1942-04-02,2022-04-24,1942-01-01,2022-01-01
KLXL0,Little Falls / Gregory,US,MN,,KLXL,45.9494,-94.3471,342.0,America/Chicago,2006-01-01,2023-02-20,2006-01-01,2022-04-24,2007-01-01,2022-01-01
KLXV0,Leadville / Stringtown,US,CO,,KLXV,39.2203,-106.3167,3028.0,America/Denver,2006-01-01,2023-02-20,2006-01-01,2022-04-24,2006-01-01,2022-01-01
KLXY0,Mexia / Forest Glade,US,TX,,KLXY,31.6412,-96.5145,166.0,America/Chicago,2013-08-29,2023-02-20,2013-09-08,2022-04-24,2014-01-01,2022-01-01
KLYV0,Luverne,US,MN,,KLYV,43.6168,-96.2177,437.0,America/Chicago,2006-01-01,2023-02-20,2006-01-04,2022-04-24,2007-01-01,2022-01-01
KLZZ0,Lampasas / Radio Junction,US,TX,,KLZZ,31.1062,-98.1959,370.0,America/Chicago,2009-07-19,2023-02-20,2009-07-20,2022-04-24,2020-01-01,2022-01-01
KMAE0,Madera / Notarb,US,CA,,KMAE,36.9886,-120.1124,78.0,America/Los_Angeles,2006-01-01,2023-02-14,2006-01-01,2022-04-24,2006-01-01,2021-01-01
KMBL0,Manistee / Newland,US,MI,,KMBL,44.2725,-86.2469,189.0,America/Detroit,2006-01-01,2023-02-20,2006-01-01,2022-04-24,2008-01-01,2022-01-01
KMBS0,Saginaw / Falconview Estates Mobile Home Park,US,MI,,KMBS,43.5329,-84.0796,204.0,America/Detroit,1973-01-01,2023-02-20,1973-01-01,2022-04-24,1974-01-01,2022-01-01
KMCC0,Sacramento / McClellan Park,US,CA,,KMCC,38.6676,-121.4006,23.0,America/Los_Angeles,1939-11-09,2023-02-20,1941-02-09,2022-04-24,1941-01-01,2022-01-01
KMCD0,Mackinac Island / British Landing,US,MI,,KMCD,45.8649,-84.6373,226.0,America/Detroit,2006-01-01,2023-02-20,2006-01-01,2022-04-24,2008-01-01,2022-01-01
KMCE0,Merced,US,CA,,KMCE,37.2848,-120.5139,47.0,America/Los_Angeles,2006-01-01,2023-02-20,2006-01-01,2022-04-24,2006-01-01,2022-01-01
KMDD0,Midland,US,TX,,KMDD,32.0365,-102.101,854.0,America/Chicago,2006-06-21,2023-02-20,2007-09-10,2022-04-24,2015-01-01,2022-01-01
KMEB0,Laurinburg / Floral College,US,NC,,KMEB,34.7919,-79.3658,66.0,America/New_York,2006-01-01,2023-02-20,2006-01-01,2022-04-24,2006-01-01,2021-01-01
KMEH0,Meacham,US,OR,,KMEH,45.5167,-118.4,1236.0,America/Los_Angeles,1973-01-01,2023-02-20,1973-01-01,2022-04-24,1977-01-01,2021-01-01
KMFE0,McAllen / Francis Addition Colonia,US,TX,,KMFE,26.1758,-98.2386,33.0,America/Chicago,1973-01-01,2023-02-20,1973-01-02,2022-04-24,1999-01-01,2022-01-01
KMGG0,Maple Lake,US,MN,,KMGG,45.236,-93.9856,313.0,America/Chicago,2006-01-01,2023-02-20,2006-01-01,2022-04-24,2007-01-01,2021-01-01
KMGJ0,Montgomery / Kaisertown,US,NY,,KMGJ,41.51,-74.2646,111.0,America/New_York,2006-01-01,2023-02-20,2006-01-01,2022-04-24,2006-01-01,2022-01-01
KMGN0,Harbor Springs / Menonaqua Beach,US,MI,,KMGN,45.4256,-84.9134,209.0,America/Detroit,2006-01-01,2023-02-20,2006-01-01,2022-04-24,2006-01-01,2022-01-01
KMHK0,Manhattan / Eureka Lake,US,KS,,KMHK,39.141,-96.6708,325.0,America/Chicago,2006-01-01,2023-02-20,2006-01-01,2022-04-24,2006-01-01,2021-01-01
KMHR0,Sacramento / Mather Field,US,CA,,KMHR,38.5553,-121.2973,30.0,America/Los_Angeles,2004-01-01,2023-02-20,2010-06-11,2022-04-24,2010-01-01,2022-01-01
KMIC0,Minneapolis / Brooklyn Center,US,MN,,KMIC,45.062,-93.3539,265.0,America/Chicago,2006-01-01,2023-02-20,2006-01-01,2022-04-24,2006-01-01,2021-01-01
KMIE0,Muncie / Drew,US,IN,,KMIE,40.2425,-85.3958,286.0,America/Indiana/Indianapolis,2006-01-01,2023-02-20,2006-01-01,2022-04-24,2006-01-01,2022-01-01
KMIV0,Millville / Farmingdale,US,NJ,,KMIV,39.3678,-75.0722,26.0,America/New_York,1973-01-01,2023-02-20,1973-01-02,2022-04-24,1999-01-01,2021-01-01
KMJQ0,Jackson,US,MN,,KMJQ,43.65,-94.9865,441.0,America/Chicago,2006-01-01,2023-02-20,2006-01-01,2022-04-24,2006-01-01,2022-01-01
KMKL0,Jackson / Oak Grove,US,TN,,KMKL,35.5999,-88.9156,132.0,America/Chicago,1973-01-01,2023-02-20,1973-01-01,2022-04-24,1999-01-01,2021-01-01
KMKN0,Comanche,US,TX,,KMKN,31.9203,-98.5992,423.0,America/Chicago,2006-03-01,2023-02-20,2007-08-25,2022-04-24,2014-01-01,2022-01-01
KMKT0,Mankato / Knollwood Park,US,MN,,KMKT,44.2228,-93.9193,311.0,America/Menominee,2006-01-01,2023-02-20,2006-01-01,2022-04-24,2006-01-01,2022-01-01
KMLC0,McAlester / Frink,US,OK,,KMLC,34.8824,-95.7835,235.0,America/Chicago,1953-07-01,2023-02-20,1953-07-02,2022-04-24,1953-01-01,2022-01-01
KMLU0,Monroe / Magenta,US,LA,,KMLU,32.5109,-92.0377,24.0,America/Chicago,1942-10-01,2023-02-20,1942-10-02,2022-04-24,1943-01-01,2022-01-01
KMML0,Marshall,US,MN,,KMML,44.4517,-95.8244,361.0,America/Chicago,2006-01-01,2023-02-20,2006-01-01,2022-04-24,2008-01-01,2022-01-01
KMNH0,Monument / Elbert,US,CO,,KMNH,39.2167,-104.6333,2152.0,America/Denver,2006-01-01,2023-02-20,2006-01-02,2022-04-24,2010-01-01,2022-01-01
KMNM0,Menominee / Bayside Mobile Estates,US,MI,,KMNM,45.1267,-87.6384,191.0,America/Chicago,2005-01-01,2023-02-20,2005-01-01,2022-04-24,2005-01-01,2022-01-01
KMNZ0,Hamilton,US,TX,,KMNZ,31.6659,-98.1486,398.0,America/Chicago,2008-03-06,2023-02-20,2008-03-07,2022-04-24,2014-01-01,2022-01-01
KMOD0,Modesto City / Riverside,US,CA,,KMOD,37.6258,-120.9544,30.0,America/Los_Angeles,1973-01-01,2023-02-20,1998-05-16,2022-04-24,1999-01-01,2021-01-01
KMOP0,Mt Pleasant / Broadway Acres Mobile Home Park,US,MI,,KMOP,43.6216,-84.7373,230.0,America/Detroit,2006-01-01,2023-02-20,2006-01-01,2022-04-24,2006-01-01,2022-01-01
KMOX0,Morris,US,MN,,KMOX,45.566,-95.9672,346.0,America/Chicago,2006-01-01,2023-02-20,2006-01-01,2022-04-24,2006-01-01,2022-01-01
KMPO0,Mt Pocono / Pocono Summit Estates,US,PA,,KMPO,41.1375,-75.3789,584.0,America/New_York,2006-01-01,2023-02-20,2006-01-01,2022-04-24,2006-01-01,2021-01-01
KMQI0,Manteo / Sunny Side,US,NC,,KMQI,35.919,-75.6955,4.0,America/New_York,2005-01-01,2023-02-20,2005-02-17,2022-04-25,2011-01-01,2022-01-01
KMQS0,Coatesville / Westwood,US,PA,,KMQS,39.979,-75.8655,201.0,America/New_York,2007-12-03,2023-02-20,2007-12-05,2022-04-25,2008-01-01,2022-01-01
KMQY0,Smyrna / Jefferson Pike,US,TN,,KMQY,36.009,-86.5201,166.0,America/Chicago,2006-01-01,2023-02-20,2006-04-27,2022-04-24,2006-01-01,2021-01-01
KMRH0,Beaufort / Steep Pines Fork,US,NC,,KMRH,34.7336,-76.6606,3.0,America/New_York,2006-01-01,2023-02-20,2006-01-01,2022-04-24,2006-01-01,2021-01-01
KMRN0,Morganton / Calico Place,US,NC,,KMRN,35.8202,-81.6114,387.0,America/New_York,2006-01-01,2023-02-20,2008-10-25,2022-04-25,2011-01-01,2022-01-01
KMSS0,Massena / Massena Center,US,NY,,KMSS,44.9358,-74.8456,68.0,America/New_York,1991-01-01,2023-02-20,1991-01-01,2022-04-24,1991-01-01,2022-01-01
KMSV0,Monticello / Kauneonga Lake,US,NY,,KMSV,41.7016,-74.795,428.0,America/New_York,2006-01-01,2023-02-20,2006-01-01,2022-04-24,2008-01-01,2022-01-01
KMTJ0,Montrose,US,CO,,KMTJ,38.5098,-107.8942,1755.0,America/Denver,2006-01-01,2023-02-20,2006-01-01,2022-04-24,2006-01-01,2021-01-01
KMTP0,Montauk Airport / Ditch Plains,US,NY,,KMTP,41.0765,-71.9208,2.0,America/New_York,2006-01-01,2023-02-20,2006-01-01,2022-04-24,2006-01-01,2021-01-01
KMUI0,Indiantown / Fort Indiantown Gap,US,PA,,KMUI,40.4348,-76.5693,148.0,America/New_York,2006-01-03,2023-02-17,2007-06-21,2022-04-24,2009-01-01,2021-01-01
KMVE0,Montevideo,US,MN,,KMVE,44.9691,-95.7103,316.0,America/Chicago,2006-01-01,2023-02-20,2006-01-01,2022-04-24,2006-01-01,2022-01-01
KMVY0,Marthas Vineyard / Tississa,US,MA,,KMVY,41.393,-70.6143,20.0,America/New_York,2006-01-01,2023-02-20,2006-01-01,2022-04-24,2006-01-01,2021-01-01
KMWH0,Moses Lake / Moses Lake North,US,WA,,KMWH,47.2086,-119.3191,362.0,America/Los_Angeles,1943-06-10,2023-02-20,1943-06-11,2022-04-24,1943-01-01,2022-01-01
KMWK0,Mount Airy / Boones Hill,US,NC,,KMWK,36.4597,-80.553,381.0,America/New_York,2006-01-01,2023-02-20,2009-10-31,2022-04-25,2014-01-01,2022-01-01
KMWL0,Mineral Wells / Sturdivant,US,TX,,KMWL,32.7816,-98.0602,297.0,America/Chicago,1948-03-10,2023-02-20,1948-03-10,2022-04-24,1948-01-01,2021-01-01
KMWM0,Windom / Bingham Lake,US,MN,,KMWM,43.9134,-95.1094,430.0,America/Chicago,2006-01-01,2023-02-20,2006-01-01,2022-04-24,2007-01-01,2022-01-01
KMYP0,Monarch Pass / Garfield,US,CO,,KMYP,38.4833,-106.3167,3667.0,America/Denver,2006-01-01,2023-02-20,2006-01-01,2022-04-23,2006-01-01,2021-01-01
KMYV0,Marysville / Alicia,US,CA,,KMYV,39.0978,-121.5698,20.0,America/Los_Angeles,2006-01-01,2023-02-20,2006-01-03,2022-04-24,2008-01-01,2021-01-01
KMZH0,Moose Lake,US,MN,,KMZH,46.4186,-92.8048,328.0,America/Chicago,2006-01-01,2023-02-20,2006-01-01,2022-04-24,2006-01-01,2022-01-01
KMZZ0,Marion / Kiley,US,IN,,KMZZ,40.4899,-85.6797,262.0,America/Indiana/Indianapolis,2010-01-14,2023-02-20,2010-01-15,2022-04-25,2014-01-01,2022-01-01
KNBE0,Dallas / Lakeland Heights,US,TX,,KNBE,32.7333,-96.9667,150.0,America/Chicago,1941-08-05,1998-01-02,1941-08-06,1996-10-30,1941-01-01,1996-01-01
KNBG0,New Orleans / Concession,US,LA,,KNBG,29.8272,-90.0266,1.0,America/Chicago,1973-01-01,2023-02-20,1973-01-01,2022-04-24,1981-01-01,2019-01-01
KNCA0,Jacksonville / Montford Point,US,NC,,KNCA,34.7084,-77.4397,8.0,America/New_York,1973-01-01,2023-02-20,1973-01-01,2022-04-24,1981-01-01,2021-01-01
KNEW0,New Orleans / Seabrook,US,LA,,KNEW,30.0424,-90.0282,2.0,America/Chicago,1942-09-01,2023-02-20,1942-09-02,2022-04-24,1942-01-01,2022-01-01
KNFG0,Oceanside / Chappo,US,CA,,KNFG,33.3011,-117.3551,24.0,America/Los_Angeles,1973-01-02,2023-02-20,1977-08-23,2022-04-24,1987-01-01,2020-01-01
KNJM0,Swansboro / Bogue,US,NC,,KNJM,34.6905,-77.0297,7.0,America/New_York,1987-05-04,2023-02-20,1992-05-07,2022-04-24,2008-01-01,2021-01-01
KNOG0,Orange Grove / West Alfred Estates Colonia,US,TX,,KNOG,27.8968,-98.0436,78.0,America/Chicago,2011-03-01,2023-02-20,2011-03-03,2022-04-22,2012-01-01,2021-01-01
KNQA0,Memphis / Kerrville,US,TN,,KNQA,35.3567,-89.8703,98.0,America/Chicago,2005-01-01,2023-02-20,2005-01-01,2022-04-24,2017-01-01,2022-01-01
KNQI0,Kingsville,US,TX,,KNQI,27.5045,-97.8083,15.0,America/Chicago,1973-01-01,2023-02-20,1973-01-01,2022-03-21,1981-01-01,2021-01-01
KNRS0,Imperial Beach,US,CA,,KNRS,32.5667,-117.1167,7.0,America/Los_Angeles,1973-01-01,2023-02-20,1973-01-12,2022-04-24,2008-01-01,2018-01-01
KNUC0,San Clemente / Avalon,US,CA,,KNUC,33.0227,-118.5885,56.0,America/Los_Angeles,1943-06-10,2023-02-20,1943-06-10,2022-04-23,1945-01-01,1986-01-01
KNXX0,Willow Grove / Meetinghouse Village,US,PA,,KNXX,40.1998,-75.1482,109.0,America/New_York,1973-01-01,2011-04-11,1973-01-01,2011-04-10,1981-01-01,2011-01-01
KNYC0,New York City / Yorkville,US,NY,,KNYC,40.7789,-73.9692,3.0,America/New_York,1943-12-01,2023-02-20,1943-12-02,2022-04-24,1944-01-01,2021-01-01
KNYL0,Yuma / Desert Royal Mobile Park,US,AZ,,KNYL,32.6566,-114.606,65.0,America/Phoenix,1988-01-01,2023-02-20,1988-01-01,2022-04-24,1988-01-01,2020-01-01
KNZW0,South Weymouth / Southfield,US,MA,,KNZW,42.15,-70.9333,49.0,America/New_York,1973-01-01,1996-09-28,1973-01-02,1993-05-18,1981-01-01,1993-01-01
KOCH0,Nacogdoches / Fredonia Hill,US,TX,,KOCH,31.5778,-94.7101,108.0,America/Chicago,2006-01-01,2023-02-20,2006-01-01,2022-04-24,2006-01-01,2022-01-01
KODO0,Odessa,US,TX,,KODO,31.9214,-102.3871,916.0,America/Chicago,2006-01-01,2023-02-20,2006-01-01,2022-04-24,2006-01-01,2022-01-01
KOEB0,Coldwater / Countryside Mobile Court,US,MI,,KOEB,41.9336,-85.0523,292.0,America/Detroit,2006-01-01,2023-02-20,2006-01-01,2022-04-25,2008-01-01,2022-01-01
KOGS0,Ogdensburg / Morley Mobile Home Park,US,NY,,KOGS,44.6819,-75.4655,91.0,America/New_York,1977-05-02,2023-02-20,2016-09-15,2022-04-25,2019-01-01,2022-01-01
KOJC0,Olathe / Morse,US,KS,,KOJC,38.8476,-94.7376,334.0,America/Chicago,2006-01-01,2023-02-20,2006-01-01,2022-04-24,2006-01-01,2021-01-01
KOKB0,Oceanside / El Camino 76 Trailer Park,US,CA,,KOKB,33.218,-117.3515,9.0,America/Los_Angeles,2006-01-01,2023-02-20,2006-01-01,2022-04-22,2006-01-01,2021-01-01
KOKK0,Kokomo / Vermont,US,IN,,KOKK,40.5282,-86.059,253.0,America/Indiana/Indianapolis,2006-01-01,2023-02-20,2006-01-01,2022-04-24,2006-01-01,2022-01-01
KOKM0,Okmulgee,US,OK,,KOKM,35.6681,-95.9487,220.0,America/Chicago,2006-01-01,2023-02-20,2006-01-01,2022-04-24,2006-01-01,2021-01-01
KOLF0,Wolf Point / Pleasant Valley (Historical),US,MT,,KOLF,48.0945,-105.5751,606.0,America/Denver,2006-01-01,2023-02-20,2006-01-01,2022-04-24,2006-01-01,2022-01-01
KOLV0,Olive Branch / Bleak (Historical),US,MS,,KOLV,34.9787,-89.7869,123.0,America/Chicago,1941-10-13,2023-02-20,1941-10-14,2022-04-24,1942-01-01,2022-01-01
KONA0,Winona / Country Valley Mobile Home Park,US,MN,,KONA,44.0772,-91.7083,200.0,America/Chicago,2006-01-01,2023-02-20,2006-01-01,2022-04-24,2006-01-01,2022-01-01
KONO0,Ontario / Cairo,US,OR,,KONO,44.0194,-117.013,668.0,America/Boise,1973-01-01,2023-02-20,1997-06-03,2022-04-24,2005-01-01,2021-01-01
KONX0,Currituck / Maple,US,NC,,KONX,36.3999,-76.0154,5.0,America/New_York,2005-01-01,2023-02-20,2005-01-01,2022-04-25,2010-01-01,2022-01-01
KONZ0,Grosse Ile / Gibraltar,US,MI,,KONZ,42.0991,-83.1615,180.0,America/Detroit,2006-01-01,2023-02-20,2006-01-01,2022-04-25,2008-01-01,2022-01-01
KOQT0,Oak Ridge / Jackson Square,US,TN,,KOQT,36.0231,-84.2331,279.0,America/New_York,1999-01-14,2023-02-20,1999-01-16,2022-04-24,1999-01-01,2020-01-01
KORE0,Orange / Partridgeville,US,MA,,KORE,42.5701,-72.2886,169.0,America/New_York,1996-08-09,2023-02-20,1996-08-11,2022-04-24,2005-01-01,2022-01-01
KORG0,Orange / Francis,US,TX,,KORG,30.0685,-93.804,4.0,America/Chicago,2006-08-21,2023-02-20,2011-02-11,2022-04-24,2012-01-01,2022-01-01
KOSA0,Mount Pleasant / Harvard,US,TX,,KOSA,33.0969,-94.9618,111.0,America/Chicago,2006-05-01,2023-02-20,2011-03-24,2022-04-24,2016-01-01,2022-01-01
KOSC0,Oscoda / Whispering Woods Mobile Home Community,US,MI,,KOSC,44.4515,-83.3942,193.0,America/Detroit,1943-07-01,2023-02-20,1943-07-02,2022-04-25,1943-01-01,2022-01-01
KOTG0,Worthington / Sungold Heights Mobile Home Park,US,MN,,KOTG,43.6551,-95.5792,480.0,America/Chicago,2006-01-01,2023-02-20,2006-01-01,2022-04-24,2006-01-01,2022-01-01
KOTM0,Ottumwa / Keb (Historical),US,IA,,KOTM,41.1066,-92.4479,258.0,America/Chicago,1973-01-01,2023-02-20,1973-01-01,2022-04-24,1975-01-01,2021-01-01
KOWD0,Norwood,US,MA,,KOWD,42.1905,-71.1729,15.0,America/New_York,2006-01-01,2023-02-20,2006-01-01,2022-04-24,2006-01-01,2022-01-01
KOXI0,Knox / Indian Hill,US,IN,,KOXI,41.3302,-86.6648,209.0,America/Indiana/Knox,2008-10-23,2023-02-20,2009-06-09,2022-04-24,2011-01-01,2022-01-01
KOXR0,Oxnard,US,CA,,KOXR,34.2008,-119.2072,14.0,America/Los_Angeles,1944-04-01,2023-02-20,1944-04-02,2022-04-24,1944-01-01,2022-01-01
KOZA0,Ozona,US,TX,,KOZA,30.7353,-101.203,724.0,America/Chicago,2010-08-06,2023-02-20,2010-08-07,2022-04-24,2016-01-01,2022-01-01
KOZW0,Howell / Burkhart Ridge Mobile Home Park,US,MI,,KOZW,42.6294,-83.9822,293.0,America/Detroit,2006-01-01,2023-02-20,2006-01-01,2022-04-25,2007-01-01,2022-01-01
KP010,Ajo / Childs,US,AZ,,KP01,32.4529,-112.8614,444.0,America/Phoenix,1942-01-15,1946-01-20,1942-08-13,1946-01-19,1943-01-01,1945-01-01
KP080,Coolidge / Valley Farms,US,AZ,,KP08,32.9359,-111.4265,480.0,America/Phoenix,1944-07-16,2023-02-20,1944-07-17,2022-04-24,1944-01-01,2022-01-01
KP580,Port Hope / Huron City,US,MI,,KP58,44.0219,-82.7931,180.0,America/Detroit,2006-01-01,2023-02-20,2006-01-01,2022-04-24,2006-01-01,2021-01-01
KP920,Salt Point / Burns,US,LA,,KP92,29.5622,-91.5256,1.0,America/Chicago,2006-04-13,2023-02-20,2006-04-14,2022-04-24,2006-01-01,2021-01-01
KPBG0,Plattsburgh / Lts Mobile Home Park,US,NY,,KPBG,44.6509,-73.4681,71.0,America/New_York,1956-01-15,2023-02-20,1956-01-16,2022-04-24,1956-01-01,2021-01-01
KPEO0,Penn Yan,US,NY,,KPEO,42.6371,-77.0529,301.0,America/New_York,2006-01-01,2023-02-20,2006-01-01,2022-04-24,2006-01-01,2022-01-01
KPEX0,Paynesville,US,MN,,KPEX,45.3721,-94.7447,361.0,America/Chicago,2005-08-12,2023-02-20,2005-08-13,2022-04-24,2011-01-01,2022-01-01
KPEZ0,Pleasonton / Pleasanton,US,TX,,KPEZ,28.9542,-98.52,131.0,America/Chicago,2007-06-04,2023-02-20,2010-05-14,2022-04-24,2014-01-01,2022-01-01
KPGV0,Greenville / Usar Center,US,NC,,KPGV,35.6352,-77.3853,8.0,America/New_York,2005-01-01,2023-02-20,2005-02-12,2022-04-25,2013-01-01,2022-01-01
KPHN0,Port Huron / Marysville,US,MI,,KPHN,42.911,-82.5289,198.0,America/Detroit,2006-01-01,2023-02-20,2006-01-01,2022-04-25,2007-01-01,2022-01-01
KPIL0,Port Isabel / Holly Beach,US,TX,,KPIL,26.1662,-97.3459,6.0,America/Chicago,2005-01-01,2023-02-20,2005-01-01,2022-04-24,2005-01-01,2022-01-01
KPKD0,Park Rapids,US,MN,,KPKD,46.9007,-95.0731,440.0,America/Chicago,1990-01-11,2023-02-20,1995-07-05,2022-04-24,1998-01-01,2022-01-01
KPKV0,Port Lavaca / Sixmile,US,TX,,KPKV,28.6533,-96.6827,10.0,America/Chicago,2006-04-29,2023-02-20,2009-09-24,2022-04-24,2011-01-01,2022-01-01
KPLB0,Plattsburgh / Plattsburgh West,US,NY,,KPLB,44.6875,-73.5245,113.0,America/New_York,2006-01-01,2007-05-24,2006-01-01,2007-04-28,2006-01-01,2007-01-01
KPLN0,Pellston,US,MI,,KPLN,45.5709,-84.7967,220.0,America/Detroit,1973-01-01,2023-02-20,1973-01-01,2022-04-24,2000-01-01,2021-01-01
KPNC0,Ponca City,US,OK,,KPNC,36.7319,-97.0998,307.0,America/Chicago,1946-08-01,2023-02-20,1946-08-02,2022-04-24,1946-01-01,2010-01-01
KPNE0,Philadelphia / Ashton Wooden Bridge,US,PA,,KPNE,40.0819,-75.0106,37.0,America/New_York,1973-01-01,2023-02-20,1973-01-02,2022-04-24,2005-01-01,2021-01-01
KPOU0,Poughkeepsie  /  New Hackensack,US,NY,,KPOU,41.6266,-73.8842,50.0,America/New_York,1973-01-01,2023-02-20,1973-01-04,2022-04-24,1974-01-01,2022-01-01
KPPF0,Parsons / Morehead,US,KS,,KPPF,37.3308,-95.5062,274.0,America/Chicago,2006-01-01,2023-02-20,2006-01-01,2022-04-24,2006-01-01,2021-01-01
KPRB0,Paso Robles / Estrella,US,CA,,KPRB,35.6729,-120.6271,256.0,America/Los_Angeles,1941-12-01,2023-02-20,1942-02-02,2022-04-24,1942-01-01,2022-01-01
KPRC0,Prescott / Tutt,US,AZ,,KPRC,34.6544,-112.4196,1537.0,America/Phoenix,1991-01-01,2023-02-20,1991-01-01,2022-04-24,1991-01-01,2021-01-01
KPRS0,Presidio,US,TX,,KPRS,29.6342,-104.3615,896.0,America/Chicago,2013-07-31,2023-02-20,2013-08-01,2022-04-24,2015-01-01,2022-01-01
KPRX0,Paris / Sylvan,US,TX,,KPRX,33.6366,-95.4507,167.0,America/Chicago,2006-01-01,2023-02-20,2006-01-01,2022-04-24,2006-01-01,2021-01-01
KPSC0,Pasco,US,WA,,KPSC,46.2647,-119.119,125.0,America/Los_Angeles,1973-01-01,2023-02-20,1998-02-01,2022-04-24,2005-01-01,2021-01-01
KPSP0,Palm Springs,US,CA,,KPSP,33.8297,-116.5067,145.0,America/Los_Angeles,2006-01-01,2023-02-20,2006-01-01,2022-04-24,2006-01-01,2021-01-01
KPSX0,Palacios / Camp Hulen,US,TX,,KPSX,28.7275,-96.2509,4.0,America/Chicago,1946-08-01,2023-02-20,1946-08-02,2022-04-24,1946-01-01,2021-01-01
KPTK0,Pontiac / Waterford,US,MI,,KPTK,42.6656,-83.4205,299.0,America/Detroit,2006-01-01,2023-02-20,2006-01-01,2022-04-24,2006-01-01,2022-01-01
KPTN0,Patterson / Avalon,US,LA,,KPTN,29.7095,-91.339,3.0,America/Chicago,2006-01-01,2023-02-20,2006-01-01,2022-04-24,2009-01-01,2022-01-01
KPTV0,Porterville / Lois,US,CA,,KPTV,36.0296,-119.0627,135.0,America/Los_Angeles,2006-01-01,2023-02-20,2006-01-01,2022-04-24,2006-01-01,2022-01-01
KPTW0,Pottstown / Herritage Ridge,US,PA,,KPTW,40.2396,-75.5567,94.0,America/New_York,2006-01-01,2023-01-23,2006-01-01,2022-04-22,2006-01-01,2022-01-01
KPVC0,Provincetown,US,MA,,KPVC,42.0723,-70.2207,2.0,America/New_York,2006-01-01,2023-02-20,2006-01-01,2022-04-24,2007-01-01,2021-01-01
KPVW0,Plainview,US,TX,,KPVW,34.1681,-101.7173,1028.0,America/Chicago,2006-07-20,2023-02-20,2010-06-22,2022-04-24,2014-01-01,2022-01-01
KPWG0,McGregor / South Bosque,US,TX,,KPWG,31.4849,-97.3165,180.0,America/Chicago,2006-01-01,2023-02-20,2006-01-01,2022-04-24,2006-01-01,2022-01-01
KPYM0,Plymouth / Pinehurst Mobile Home Village,US,MA,,KPYM,41.909,-70.7288,45.0,America/New_York,2006-01-01,2023-02-20,2006-01-01,2022-04-24,2006-01-01,2022-01-01
KPYX0,Perryton / Twichell,US,TX,,KPYX,36.4129,-100.7516,889.0,America/Chicago,2006-01-01,2023-02-20,2006-02-06,2022-04-24,2012-01-01,2022-01-01
KPZQ0,Presque Isle / Rogers City,US,MI,,KPZQ,45.4071,-83.8129,204.0,America/Detroit,2006-01-01,2023-02-20,2006-01-01,2022-04-25,2006-01-01,2022-01-01
KRAL0,Riverside / Arlanza,US,CA,,KRAL,33.9519,-117.4451,250.0,America/Los_Angeles,2006-01-01,2023-02-20,2006-01-01,2022-04-24,2006-01-01,2021-01-01
KRBD0,Dallas / Westwood Park,US,TX,,KRBD,32.6809,-96.8682,201.0,America/Chicago,2006-01-01,2023-02-20,2006-01-01,2022-04-25,2006-01-01,2022-01-01
KRBO0,Robstown / San Pedro,US,TX,,KRBO,27.7785,-97.6905,24.0,America/Chicago,2006-08-03,2023-02-20,2008-09-30,2022-04-24,2011-01-01,2022-01-01
KRDG0,Reading Wbo City / Wyomissing,US,PA,,KRDG,40.3333,-75.9667,88.0,America/New_York,1990-03-14,2023-02-20,1999-02-19,2022-04-24,2005-01-01,2021-01-01
KRDM0,Redmond,US,OR,,KRDM,44.2541,-121.15,939.0,America/Los_Angeles,1942-01-01,2023-02-20,1942-01-02,2022-04-24,1943-01-01,2021-01-01
KREO0,Rome / Basque,US,OR,,KREO,42.5777,-117.8854,1235.0,America/Boise,1998-05-14,2023-02-20,2004-01-02,2022-04-24,2005-01-01,2021-01-01
KRFI0,Henderson / Crimcrest,US,TX,,KRFI,32.1417,-94.8517,135.0,America/Chicago,2008-10-15,2023-02-20,2010-01-01,2022-04-24,2016-01-01,2022-01-01
KRIL0,Rifle / Antlers,US,CO,,KRIL,39.5263,-107.7269,1688.0,America/Denver,2006-01-01,2023-02-20,2006-01-01,2022-04-24,2006-01-01,2021-01-01
KRKP0,Rockport / Copano Village,US,TX,,KRKP,28.0862,-97.0437,7.0,America/Chicago,2006-01-01,2023-02-20,2006-01-01,2022-04-24,2006-01-01,2022-01-01
KRLD0,Richland,US,WA,,KRLD,46.3056,-119.3042,120.0,America/Los_Angeles,1981-02-03,2023-02-20,2015-10-21,2022-04-24,2016-01-01,2022-01-01
KRMY0,Marshall,US,MI,,KRMY,42.2512,-84.9554,287.0,America/Detroit,2006-01-01,2023-02-20,2006-01-01,2022-04-25,2008-01-01,2022-01-01
KRND0,San Antonio / Universal City / Airport City,US,TX,,KRND,29.5289,-98.278,232.0,America/Chicago,1938-04-01,2023-02-20,1938-04-02,2022-04-25,1938-01-01,2021-01-01
KRNM0,Ramona / Rosemont,US,CA,,KRNM,33.0392,-116.9153,425.0,America/Los_Angeles,2006-01-01,2023-02-20,2006-01-01,2022-04-24,2006-01-01,2021-01-01
KRNP0,Owosso / Middletown,US,MI,,KRNP,42.993,-84.1385,224.0,America/Detroit,2005-01-01,2023-02-20,2005-01-01,2022-04-25,2006-01-01,2022-01-01
KRPH0,Graham (Young County) / Twin Mountains,US,TX,,KRPH,33.1107,-98.5548,342.0,America/Chicago,2006-01-02,2023-02-20,2006-01-19,2022-04-24,2014-01-01,2022-01-01
KRQB0,Big Rapids / Havenview Mobile Home Court,US,MI,,KRQB,43.7226,-85.5041,302.0,America/Detroit,2006-01-01,2023-02-20,2006-01-01,2022-04-25,2007-01-01,2022-01-01
KRQO0,El Reno / Powers,US,OK,,KRQO,35.4727,-98.0058,433.0,America/Chicago,2005-08-17,2023-02-20,2005-08-23,2022-04-24,2009-01-01,2022-01-01
KRSL0,Russell / Homer,US,KS,,KRSL,38.8714,-98.8116,568.0,America/Chicago,1943-02-01,2023-02-20,1943-02-02,2022-04-23,1944-01-01,2021-01-01
KRSN0,Ruston / Longstraw,US,LA,,KRSN,32.5146,-92.5884,95.0,America/Chicago,2006-04-27,2023-02-20,2006-10-29,2022-04-24,2014-01-01,2021-01-01
KRUQ0,Salisbury / Red Acres,US,NC,,KRUQ,35.6459,-80.5203,235.0,America/New_York,2005-01-01,2023-02-20,2005-02-17,2022-04-25,2011-01-01,2022-01-01
KRVL0,Reedsville / Woodland,US,PA,,KRVL,40.6774,-77.6268,250.0,America/New_York,2018-07-19,2023-02-20,2018-07-20,2022-04-25,2020-01-01,2022-01-01
KRWI0,Rocky Mount / Winstead Crossroads,US,NC,,KRWI,35.8563,-77.8919,48.0,America/New_York,2006-01-01,2023-02-20,2006-01-01,2022-04-24,2006-01-01,2022-01-01
KRWV0,Caldwell,US,TX,,KRWV,30.5155,-96.7041,119.0,America/Chicago,2006-02-03,2023-02-20,2009-05-25,2022-04-24,2015-01-01,2022-01-01
KRYW0,Lago Vista / South Jonestown Hills,US,TX,,KRYW,30.4986,-97.9695,375.0,America/Chicago,2008-08-30,2023-02-20,2009-11-15,2022-04-24,2015-01-01,2022-01-01
KRZZ0,Roanoke Rapids / South Rosemary,US,NC,,KRZZ,36.4395,-77.7093,78.0,America/New_York,2006-01-01,2009-06-25,2006-01-01,2009-06-24,2006-01-01,2009-01-01
KS210,Sunriver,US,OR,,KS21,43.8763,-121.4531,1269.0,America/Los_Angeles,1980-05-14,2023-02-20,2020-01-14,2022-04-24,2020-01-01,2022-01-01
KSAF0,Santa Fe / Cieneguilla,US,NM,,KSAF,35.6171,-106.0894,1935.0,America/Denver,1946-08-01,2023-02-20,1946-08-02,2022-04-24,1946-01-01,2021-01-01
KSBD0,San Bernardino / North Norton,US,CA,,KSBD,34.0954,-117.2349,353.0,America/Los_Angeles,1943-01-06,2023-02-20,1943-03-17,2022-04-24,1943-01-01,2022-01-01
KSBP0,San Luis Obispo / Steele (Historical),US,CA,,KSBP,35.2373,-120.6426,65.0,America/Los_Angeles,2006-01-01,2023-02-19,2006-01-01,2022-04-24,2006-01-01,2021-01-01
KSBS0,Steamboat Springs / Steamboat Ii,US,CO,,KSBS,40.5162,-106.8663,2098.0,America/Denver,2011-02-14,2023-02-20,2011-02-15,2022-04-24,2011-01-01,2022-01-01
KSDM0,San Diego / Bandini,US,CA,,KSDM,32.5723,-116.9802,160.0,America/Tijuana,2006-01-01,2023-02-20,2006-01-01,2022-04-24,2006-01-01,2021-01-01
KSDY0,Sidney / Wagon Wheel Trailer Court,US,MT,,KSDY,47.7069,-104.1926,605.0,America/Denver,2006-01-01,2023-02-20,2006-01-01,2022-04-23,2006-01-01,2022-01-01
KSEG0,Selinsgrove / Dogtown,US,PA,,KSEG,40.8212,-76.8642,141.0,America/New_York,1999-01-14,2023-02-20,1999-01-16,2022-04-24,2005-01-01,2021-01-01
KSGR0,Houston / Sugar Land,US,TX,,KSGR,29.6223,-95.6565,25.0,America/Chicago,2006-01-01,2023-02-20,2006-01-01,2022-04-24,2006-01-01,2022-01-01
KSIY0,Montague / Snowden,US,CA,,KSIY,41.7814,-122.4681,808.0,America/Los_Angeles,1950-01-01,2023-02-20,1950-01-02,2022-04-24,1950-01-01,2021-01-01
KSJC0,San Jose / Santa Clara Trailer Village,US,CA,,KSJC,37.3627,-121.9291,19.0,America/Los_Angeles,1973-01-01,2023-02-20,1973-01-01,2022-04-24,2000-01-01,2022-01-01
KSJX0,Beaver Island / Bonner Landing,US,MI,,KSJX,45.6923,-85.5666,204.0,America/Detroit,2006-01-01,2023-02-20,2006-01-01,2022-04-25,2006-01-01,2022-01-01
KSKA0,Spokane / Fairchild Air Force Base,US,WA,,KSKA,47.6151,-117.6558,750.0,America/Los_Angeles,1940-04-01,2023-02-20,1940-04-02,2022-04-24,1940-01-01,2021-01-01
KSKF0,San Antonio / Lackland Air Force Base,US,TX,,KSKF,29.3842,-98.5812,210.0,America/Chicago,1937-07-07,2023-02-20,1937-08-26,2022-04-24,1937-01-01,2021-01-01
KSLH0,Cheboygan,US,MI,,KSLH,45.6537,-84.5193,195.0,America/Detroit,2006-01-01,2023-02-20,2006-01-01,2022-04-25,2006-01-01,2022-01-01
KSLI0,Los Alamitos,US,CA,,KSLI,33.79,-118.0514,10.0,America/Los_Angeles,2006-01-01,2023-02-20,2008-04-24,2022-04-24,2008-01-01,2021-01-01
KSLR0,Sulphur Springs,US,TX,,KSLR,33.1598,-95.6211,149.0,America/Chicago,2006-01-02,2023-02-20,2006-01-17,2022-04-24,2011-01-01,2022-01-01
KSMF0,Sacramento / Kiesel,US,CA,,KSMF,38.6954,-121.5908,8.0,America/Los_Angeles,1973-01-01,2023-02-20,1973-01-01,2022-04-24,1974-01-01,2022-01-01
KSNA0,Santa Ana / Paularino,US,CA,,KSNA,33.6757,-117.8682,17.0,America/Los_Angeles,1940-06-17,2023-02-20,1942-10-06,2022-04-24,1943-01-01,2021-01-01
KSNK0,Snyder,US,TX,,KSNK,32.6934,-100.9505,741.0,America/Chicago,2006-04-02,2023-02-20,2009-06-24,2022-04-24,2014-01-01,2022-01-01
KSOA0,Sonora,US,TX,,KSOA,30.5857,-100.6486,652.0,America/Chicago,2006-01-05,2023-02-20,2006-10-06,2022-04-24,2012-01-01,2022-01-01
KSOP0,Southern Pines / Warrior Woods,US,NC,,KSOP,35.2376,-79.3888,138.0,America/New_York,2006-01-01,2023-02-20,2006-01-01,2022-04-24,2009-01-01,2022-01-01
KSPD0,Springfield,US,CO,,KSPD,37.4,-102.6167,1335.0,America/Denver,2006-01-01,2023-02-20,2006-01-01,2022-04-24,2006-01-01,2021-01-01
KSPL0,South Padre Island,US,TX,,KSPL,26.07,-97.16,3.0,America/Chicago,2010-06-30,2017-01-03,2010-06-30,2016-12-30,,
KSQL0,San Carlos / Silver Penny Mobile Home Park,US,CA,,KSQL,37.5119,-122.2495,2.0,America/Los_Angeles,2006-01-01,2023-02-20,2019-03-04,2022-04-24,2020-01-01,2022-01-01
KSRB0,Sparta / Hamptons Crossroads,US,TN,,KSRB,36.0559,-85.5307,312.0,America/Chicago,2012-06-04,2023-02-20,2012-07-13,2022-04-24,2014-01-01,2022-01-01
KSRE0,Seminole,US,OK,,KSRE,35.2747,-96.6752,312.0,America/Chicago,2005-06-11,2023-02-20,2005-06-15,2022-04-24,2009-01-01,2022-01-01
KSSF0,San Antonio / Bergs Mill,US,TX,,KSSF,29.337,-98.471,176.0,America/Chicago,1999-01-01,2023-02-20,1999-01-01,2022-04-24,2002-01-01,2022-01-01
KSSI0,Brunswick / Mallory Park,US,GA,,KSSI,31.1518,-81.3913,6.0,America/New_York,1973-01-01,2023-02-20,1973-01-01,2022-04-24,2000-01-01,2022-01-01
KSTK0,Sterling,US,CO,,KSTK,40.6153,-103.2648,1231.0,America/Denver,2010-11-29,2023-02-20,2010-12-15,2022-04-24,2016-01-01,2022-01-01
KSTP0,Saint Paul,US,MN,,KSTP,44.9346,-93.0603,215.0,America/Chicago,1983-11-03,2023-02-20,1991-12-16,2022-04-24,2005-01-01,2022-01-01
KSTS0,Santa Rosa / Shiloh,US,CA,,KSTS,38.509,-122.8129,39.0,America/Los_Angeles,2000-01-01,2023-02-20,2000-01-02,2022-04-24,2000-01-01,2022-01-01
KSUS0,St Louis / St. Louis / Stevens,US,MO,,KSUS,38.6621,-90.6521,141.0,America/Chicago,1973-01-01,2023-02-20,1986-11-08,2022-04-24,1987-01-01,2021-01-01
KSUT0,Southport / Yaupon Beach,US,NC,,KSUT,33.9308,-78.0734,8.0,America/New_York,2005-01-01,2023-02-20,2005-01-01,2022-04-25,2010-01-01,2022-01-01
KSVH0,Statesville / Hickory Hills,US,NC,,KSVH,35.765,-80.9539,295.0,America/New_York,2006-01-01,2023-02-20,2006-04-15,2022-04-25,2014-01-01,2022-01-01
KSWW0,Sweetwater / Avenger Village,US,TX,,KSWW,32.4674,-100.4666,725.0,America/Chicago,2006-07-20,2022-12-28,2011-02-09,2022-04-24,2014-01-01,2022-01-01
KSXT0,Sexton Summit / Hugo,US,OR,,KSXT,42.6,-123.3667,1170.0,America/Los_Angeles,1973-01-01,2023-02-19,1973-01-04,2022-04-24,1979-01-01,2021-01-01
KSYN0,Stanton,US,MN,,KSYN,44.4755,-93.0163,280.0,America/Chicago,2006-01-01,2023-02-20,2006-01-04,2022-04-24,2006-01-01,2022-01-01
KSZL0,Knob Noster / Whiteman Air Force Base,US,MO,,KSZL,38.7303,-93.548,265.0,America/Chicago,1942-12-02,2023-02-20,1942-12-02,2022-04-24,1943-01-01,2021-01-01
KSZN0,Santa Cruz / Isla Vista,US,CA,,KSZN,34.0606,-119.9151,15.0,America/Los_Angeles,1973-01-03,1980-06-17,1976-03-15,1979-09-30,,
KT350,Cameron / Quinif,US,TX,,KT35,30.8794,-96.9711,123.0,America/Chicago,2012-05-01,2023-02-20,2012-05-01,2022-04-24,2014-01-01,2022-01-01
KT650,Weslaco / Olivarez Number 1 Colonia,US,TX,,KTXW,26.1776,-97.9731,21.0,America/Chicago,2006-04-02,2023-02-20,2007-11-05,2022-04-24,2015-01-01,2021-01-01
KT820,Fredericksburg,US,TX,,KT82,30.2432,-98.9092,517.0,America/Chicago,2006-06-21,2023-02-20,2011-02-18,2022-04-24,2011-01-01,2022-01-01
KTAD0,Trinidad / Hoehne,US,CO,,KTAD,37.2594,-104.3407,1756.0,America/Denver,1973-01-01,2023-02-20,1973-01-01,2022-04-24,2001-01-01,2022-01-01
KTAN0,Boston / East Taunton,US,MA,,KTAN,41.8744,-71.0166,13.0,America/New_York,2006-01-01,2023-02-20,2006-01-01,2022-04-24,2006-01-01,2022-01-01
KTEB0,Teterboro,US,NJ,,KTEB,40.8501,-74.0608,3.0,America/New_York,1973-01-01,2023-02-20,1973-01-01,2022-04-24,2005-01-01,2022-01-01
KTEW0,Mason,US,MI,,KTEW,42.5658,-84.4232,280.0,America/Detroit,2006-01-01,2023-02-20,2006-01-01,2022-04-25,2007-01-01,2022-01-01
KTEX0,Telluride / Lime,US,CO,,KTEX,37.9538,-107.9085,2765.0,America/Denver,2006-01-01,2023-02-20,2006-01-02,2022-04-24,2006-01-01,2022-01-01
KTFP0,Ingleside / Millsville,US,TX,,KTFP,27.913,-97.2115,6.0,America/Chicago,2007-11-02,2023-02-20,2009-08-15,2022-04-24,2015-01-01,2022-01-01
KTHA0,Tullahoma / Flowertown,US,TN,,KTHA,35.38,-86.2467,330.0,America/Chicago,2012-04-08,2023-02-20,2012-04-09,2022-04-24,2016-01-01,2021-01-01
KTKC0,Tracy,US,MN,,KTKC,44.2491,-95.6073,408.0,America/Chicago,2006-01-01,2023-02-20,2006-01-04,2022-04-01,2008-01-01,2022-01-01
KTKI0,McKinney,US,TX,,KTKI,33.1779,-96.5905,179.0,America/Chicago,2006-01-01,2023-02-20,2006-01-01,2022-04-25,2006-01-01,2022-01-01
KTME0,Houston / Cardiff,US,TX,,KTME,29.805,-95.8979,51.0,America/Chicago,2009-12-16,2023-02-20,2009-12-17,2022-04-24,2020-01-01,2022-01-01
KTMK0,Tillamook / Hathaway Mead,US,OR,,KTMK,45.4182,-123.8144,12.0,America/Los_Angeles,2005-01-03,2023-02-20,2006-11-17,2022-04-24,2011-01-01,2022-01-01
KTNB0,Boone / Blairmont,US,NC,,KTNB,36.2,-81.65,937.0,America/New_York,2005-01-06,2023-02-20,2005-04-28,2022-04-25,2015-01-01,2022-01-01
KTOA0,Torrance / Walteria,US,CA,,KTOA,33.8034,-118.3396,31.0,America/Los_Angeles,1944-06-01,2023-02-20,1944-06-02,1944-08-29,1944-01-01,1944-01-01
KTOB0,Dodge Center,US,MN,,KTOB,44.018,-92.8315,398.0,America/Chicago,2006-01-01,2023-02-20,2006-01-01,2022-03-30,2007-01-01,2022-01-01
KTPL0,Temple / Morgans Point Resort,US,TX,,KTPL,31.1525,-97.4078,208.0,America/Chicago,2006-01-01,2023-02-20,2006-01-01,2022-04-24,2012-01-01,2021-01-01
KTRK0,Truckee / Polaris,US,CA,,KTRK,39.32,-120.1396,1799.0,America/Los_Angeles,2006-01-01,2023-02-20,2009-04-21,2022-04-24,2020-01-01,2022-01-01
KTRL0,Terrell,US,TX,,KTRL,32.7092,-96.2674,145.0,America/Chicago,2006-01-01,2023-02-20,2006-01-01,2022-04-25,2006-01-01,2022-01-01
KTRM0,Thermal,US,CA,,KTRM,33.6267,-116.1597,-35.0,America/Los_Angeles,1943-07-12,2023-02-20,1943-07-13,2022-04-24,1943-01-01,2022-01-01
KTTA0,Sanford / Rosser,US,NC,,KTTA,35.5824,-79.1013,75.0,America/New_York,2006-01-01,2023-02-20,2006-01-01,2022-04-25,2014-01-01,2022-01-01
KTTF0,Monroe / Patterson Gardens,US,MI,,KTTF,41.9399,-83.4347,188.0,America/Detroit,2006-01-01,2023-02-20,2006-01-01,2022-04-25,2006-01-01,2022-01-01
KTTN0,Trenton / Altura,US,NJ,,KTTN,40.2767,-74.8135,65.0,America/New_York,1973-01-01,2023-02-20,1975-07-10,2022-04-24,2005-01-01,2021-01-01
KTVC0,Traverse City / Treverse City [Misspelling] / Town And Country Mobile Village,US,MI,,KTVC,44.7416,-85.5824,190.0,America/Detroit,1973-01-01,2023-02-20,1973-01-02,2022-04-24,1981-01-01,2022-01-01
KTVL0,South Lake Tahoe / Tahoe Valley,US,CA,,KTVL,38.8939,-119.9953,1911.0,America/Los_Angeles,2000-01-02,2023-02-20,2000-10-19,2022-04-24,2001-01-01,2021-01-01
KTVR0,Tallulah / Mound,US,LA,,KTVR,32.3516,-91.0277,26.0,America/Chicago,2005-01-01,2023-02-20,2005-01-01,2022-04-24,2006-01-01,2021-01-01
KTWM0,Two Harbors / Waldo,US,MN,,KTWM,47.0491,-91.7452,327.0,America/Chicago,2006-01-01,2023-02-20,2006-01-03,2022-04-24,2007-01-01,2021-01-01
KTWT0,Sturgis,US,KY,,KTWT,37.5418,-87.9544,113.0,America/Chicago,1944-03-06,2023-02-20,1944-03-25,2022-04-24,1944-01-01,2022-01-01
KTXK0,Texarkana / Rondo,US,AR,,KTXK,33.4537,-93.991,119.0,America/Chicago,1946-07-29,2023-02-20,1946-07-30,2022-04-24,1946-01-01,2022-01-01
KTYR0,Tyler / Chandler,US,TX,,KTYR,32.3541,-95.4024,166.0,America/Chicago,1973-01-01,2023-02-20,1973-01-02,2022-04-24,2000-01-01,2021-01-01
KUCA0,Utica / Colemans Mills,US,NY,,KUCA,43.15,-75.3833,228.0,America/New_York,1973-01-01,2007-01-18,1973-01-01,2007-01-17,2001-01-01,2006-01-01
KUCP0,New Castle / Parkstown,US,PA,,KUCP,41.0254,-80.4134,326.0,America/New_York,2006-05-01,2023-02-20,2006-05-02,2022-04-24,2008-01-01,2022-01-01
KUKI0,Ukiah / Asylum,US,CA,,KUKI,39.126,-123.2009,188.0,America/Los_Angeles,1973-01-01,2023-02-20,1973-01-01,2022-04-24,2005-01-01,2022-01-01
KUKL0,Burlington / Sharpe,US,KS,,KUKL,38.3025,-95.725,358.0,America/Chicago,2005-04-27,2023-02-20,2005-05-04,2022-04-24,2020-01-01,2022-01-01
KUKT0,Quakertown / Milford Square,US,PA,,KUKT,40.4352,-75.3819,160.0,America/New_York,2006-01-01,2023-02-20,2006-01-04,2022-04-25,2009-01-01,2022-01-01
KULM0,New Ulm / Traulich Estates,US,MN,,KULM,44.3197,-94.5023,308.0,America/Chicago,2006-01-01,2023-02-20,2006-01-01,2022-04-24,2006-01-01,2022-01-01
KUNV0,State College / Hunter Park,US,PA,,KUNV,40.8493,-77.8487,378.0,America/New_York,2005-01-01,2023-02-20,2005-01-01,2022-04-24,2015-01-01,2022-01-01
KUVA0,Uvalde / Brice Lane Colonia,US,TX,,KUVA,29.2113,-99.7436,287.0,America/Chicago,2006-04-07,2023-02-20,2006-11-05,2022-04-24,2011-01-01,2022-01-01
KUXL0,Southland Field-Sulphur / Moss Lake,US,LA,,KUXL,30.1314,-93.3762,3.0,America/Chicago,2006-10-24,2023-02-20,2006-11-05,2022-04-24,2012-01-01,2022-01-01
KVIS0,Visalia / Midvalley,US,CA,,KVIS,36.3187,-119.3929,90.0,America/Los_Angeles,2006-01-01,2023-02-20,2006-01-18,2022-04-24,2006-01-01,2022-01-01
KVLD0,Valdosta / Macville (Historical),US,GA,,KVLD,30.7814,-83.2762,62.0,America/New_York,1948-01-01,2023-02-20,1948-01-02,2022-04-24,1948-01-01,2021-01-01
KVLL0,Troy / Birmingham,US,MI,,KVLL,42.5429,-83.1779,222.0,America/Detroit,2005-01-01,2023-02-20,2005-01-01,2022-04-25,2007-01-01,2022-01-01
KVNY0,Van Nuys / Raymer,US,CA,,KVNY,34.2098,-118.49,245.0,America/Los_Angeles,1942-12-11,2023-02-20,1942-12-12,2022-04-24,1943-01-01,2022-01-01
KVPZ0,Valparaiso / Williamsburg Manor,US,IN,,KVPZ,41.454,-87.0071,235.0,America/Chicago,2006-01-01,2023-02-20,2006-01-01,2022-04-24,2006-01-01,2021-01-01
KVVV0,Ortonville / Hilltop Manor Mobile Home Park,US,MN,,KVVV,45.3057,-96.4244,336.0,America/Chicago,2006-01-01,2023-02-20,2006-01-01,2022-04-25,2008-01-01,2022-01-01
KWJF0,Lancaster / Antelope Acres,US,CA,,KWJF,34.7411,-118.2186,717.0,America/Los_Angeles,1974-06-01,2023-02-20,1974-06-03,2022-04-24,1975-01-01,2022-01-01
KWLD0,Winfield / Tresham,US,KS,,KWLD,37.1686,-97.0375,354.0,America/Chicago,2006-01-01,2023-02-20,2006-01-01,2022-04-24,2006-01-01,2021-01-01
KWRB0,Warner Robins,US,GA,,KWRB,32.6401,-83.5918,90.0,America/New_York,1942-08-07,2023-02-20,1942-08-08,2022-04-24,1942-01-01,2021-01-01
KWRI0,Wrightstown / Pointville,US,NJ,,KWRI,40.0156,-74.5917,40.0,America/New_York,1942-08-01,2023-02-20,1942-08-12,2022-04-24,1942-01-01,2021-01-01
KWVI0,Watsonville / Monterey Vista Mobile Home Park,US,CA,,KWVI,36.9357,-121.7896,50.0,America/Los_Angeles,2006-01-01,2023-02-20,2006-01-01,2022-04-24,2006-01-01,2021-01-01
KXBP0,Bridgeport / Rickels,US,TX,,KXBP,33.1753,-97.8284,260.0,America/Chicago,2006-01-02,2023-02-20,2007-08-03,2022-04-25,2015-01-01,2022-01-01
KXVG0,Longville,US,MN,,KXVG,47.0,-94.2,407.0,America/Chicago,2006-01-01,2023-02-20,2006-01-02,2022-04-06,2008-01-01,2022-01-01
KYIP0,Detroit / Denton,US,MI,,KYIP,42.2393,-83.531,218.0,America/Detroit,1973-01-01,2023-02-20,1973-01-03,2022-04-24,2005-01-01,2022-01-01
KZZV0,Zanesville / Georgetown,US,OH,,KZZV,39.9444,-81.8921,274.0,America/New_York,1973-01-01,2023-02-20,1973-01-01,2022-04-24,2001-01-01,2021-01-01
